year,edges,density,mean_clustering,T,censored,ICRC,peak_I,ever_affected,burden,terminal_I,conservation_error,minimum_state,cohesion,ICV,beta,gamma,exposure,ICR,retained_flow_share
2009,391,0.227061556329849,0.3970761455666325,128.122449580091,False,0.0078050334135618,0.2975603371356365,0.919822797212654,9.197227972126544,0.0001,2.220446049250313e-16,0.0001,0.0183265242023589,54.56572064392228,0.3,0.0999999999999999,0.0466630049521464,0.0001430391337538,0.8236261086821283
2010,392,0.2276422764227642,0.4068449807533268,128.84484999557344,False,0.0077612725695621,0.2973656578533488,0.9197097245511175,9.245096173341675,9.999999999999996e-05,5.551115123125784e-16,9.999999999999996e-05,0.0182186650349339,54.88876369824688,0.2982436426937416,0.0994700008857476,0.0462737107247583,0.0001414000251896,0.823103447316838
2011,384,0.2229965156794425,0.4191888851364184,127.81906853025008,False,0.0078235588124579,0.2851842263630902,0.912297114451028,8.919648479622184,0.0001,3.3306690738754696e-16,0.0001,0.0187895768074469,53.22099641986975,0.2961252548880974,0.1022682806990693,0.0458067576742482,0.0001470013592142,0.8273811566080651
2012,381,0.2212543554006968,0.4138617331706043,127.312352280864,False,0.0078546973807686,0.2587493628613139,0.8937277065944733,8.311393038133097,0.0001,2.220446049250313e-16,0.0001,0.0198703789547689,50.32616651530939,0.2886343450493233,0.1075184030516262,0.0441778525809907,0.0001560758135309,0.8432559410867003
2013,387,0.2247386759581881,0.4173671893724238,122.56010606977308,False,0.008159261868056,0.2846031509911608,0.9119264651108216,8.540941643121963,9.999999999999998e-05,3.3306690738754696e-16,9.999999999999998e-05,0.0197133592194699,50.72702165404394,0.3086162597602156,0.1067594772580044,0.0486014391793311,0.0001608464601707,0.8501701406548037
2014,394,0.2288037166085946,0.4173090154427075,122.11873484063176,False,0.008188751720242,0.2846408987476561,0.9119505916285644,8.510942529227064,9.999999999999998e-05,2.220446049250313e-16,9.999999999999998e-05,0.0197917683669025,50.52605615940232,0.3097457111189929,0.1071386146125669,0.0488591239454573,0.0001620698772611,0.8493038691966739
2015,410,0.238095238095238,0.4294161828733999,127.44398822624171,False,0.0078465843223987,0.2507164467354751,0.88733971411972,8.1379468440442,0.0001,4.440892098500626e-16,0.0001,0.0201828839897586,49.54693296098941,0.2860085059605967,0.1090250073050122,0.0436149520406899,0.0001583667010948,0.8494595405364259
2016,393,0.2282229965156794,0.4229269343545409,126.77054338776742,False,0.0078882678363315,0.2790022607955332,0.9082710796877108,8.716560551554027,9.999999999999996e-05,2.220446049250313e-16,9.999999999999996e-05,0.0191835427761022,52.12801470882343,0.2963976385110569,0.1041891551508579,0.0458666412615232,0.0001513249234676,0.8543415440178118
2017,359,0.2084785133565621,0.4259316767900077,131.08847594885063,False,0.007628435625342,0.2718504151573814,0.9033791724902526,8.85529133671732,0.0001,2.220446049250313e-16,0.0001,0.018735598672169,53.374328597540895,0.2843038073592269,0.1020044556574804,0.0432517273623089,0.0001429233083728,0.8566612135769865
2018,379,0.2200929152148664,0.4318596010545203,137.0721085936821,False,0.0072954301955349,0.2568187808861242,0.8922261926706626,8.90184487067109,0.0001,2.220446049250313e-16,0.0001,0.0183709511244119,54.43376302227308,0.2675511518520843,0.1002181239542771,0.0397721448570632,0.0001340239915537,0.8515465127145774
2019,380,0.2206736353077816,0.4075621099286722,132.111632669003,False,0.0075693561558309,0.2623811100926914,0.8964959627413576,8.70878732320424,9.999999999999992e-05,5.551115123125784e-16,9.999999999999992e-05,0.0189251144666064,52.83983892221689,0.2792084490279812,0.1029300555259793,0.0421762882554733,0.0001432509316876,0.8527874503594981
2020,389,0.2259001161440186,0.4124075306290736,127.30986252360697,False,0.007854850992511,0.2662806790327482,0.8993881657846095,8.47843084234947,0.0001,2.220446049250313e-16,0.0001,0.0195704769452298,51.09737503069616,0.2909520125752076,0.1060677597666653,0.0446781544225254,0.0001537231802571,0.8623412728332586
2021,384,0.2229965156794425,0.4228055541175997,127.54171517201996,False,0.0078405719936513,0.2695192713083492,0.9017285008019372,8.5649220369969,9.999999999999998e-05,2.220446049250313e-16,9.999999999999998e-05,0.0194059444768692,51.53060193447136,0.2914537259313856,0.1052699016882205,0.0447868874056466,0.0001521537047756,0.8548327172263875
2022,381,0.2212543554006968,0.4252518138602104,127.47453381987206,False,0.0078447041148865,0.2691697315626203,0.9014785620398608,8.552774410734294,0.0001,3.3306690738754696e-16,0.0001,0.0194307322787079,51.46486430137224,0.2914949207784411,0.1053901948949537,0.0447958221307706,0.000152428345462,0.8541824602203487
2023,364,0.2113821138211382,0.4136131014888076,127.35076248154029,False,0.0078523283293647,0.2626931182405809,0.8967304005295069,8.401879798302506,9.999999999999996e-05,3.3306690738754696e-16,9.999999999999996e-05,0.019704750739763,50.74918293597392,0.2897421185175753,0.106717832443956,0.04441657405762,0.0001547281724569,0.8562374780770857
