year,scenario,kfactor,eps,T,censored,ICRC,peak_I,ever_affected,burden,terminal_I,conservation_error,minimum_state,cohesion,ICV,beta,gamma,exposure,ICR
2009,joint_mapping,0.5,0.001,61.007698127951414,False,0.016391374050905846,0.23928957888574184,0.8772727648544445,4.819500206699449,0.0009999999999999998,6.661338147750939e-16,0.0009999999999999998,0.018326524202358967,54.56572064392228,0.46153846153846156,0.1818181818181818,0.04666300495214647,0.0003003969132538447
2009,joint_mapping,0.5,0.0001,78.12670482301714,False,0.012799720687891947,0.23928957888574184,0.8775895842370389,4.826192713303718,9.999999999999991e-05,6.661338147750939e-16,9.999999999999991e-05,0.018326524202358967,54.56572064392228,0.46153846153846156,0.1818181818181818,0.04666300495214647,0.00023457439097008653
2009,joint_mapping,0.5,1e-05,95.23845693534545,False,0.01049996012302961,0.23928957888574184,0.8776211934971969,4.826861564234587,9.999999999999996e-06,6.661338147750939e-16,9.999999999999996e-06,0.018326524202358967,54.56572064392228,0.46153846153846156,0.1818181818181818,0.04666300495214647,0.0001924277733185062
2009,joint_mapping,1.0,0.001,100.01732660284961,False,0.009998267639874199,0.29756033713563657,0.9196241248991028,9.186241248991031,0.0009999999999999985,2.220446049250313e-16,0.0009999999999999985,0.018326524202358967,54.56572064392228,0.3,0.09999999999999999,0.04666300495214647,0.00018323349388381697
2009,joint_mapping,1.0,0.0001,128.122449580091,False,0.007805033413561821,0.29756033713563657,0.9198227972126541,9.197227972126544,0.00010000000000000013,2.220446049250313e-16,0.00010000000000000013,0.018326524202358967,54.56572064392228,0.3,0.09999999999999999,0.04666300495214647,0.00014303913375386115
2009,joint_mapping,1.0,1e-05,156.21963879497022,False,0.006401243836650049,0.29756033713563657,0.9198426205262947,9.198326205262948,1.0000000000000003e-05,2.220446049250313e-16,1.0000000000000003e-05,0.018326524202358967,54.56572064392228,0.3,0.09999999999999999,0.04666300495214647,0.00011731255009756829
2009,joint_mapping,2.0,0.001,179.25374630969648,False,0.0055786839638614924,0.33622353095815866,0.9391029484230103,17.823956020037194,0.0009999999999999994,4.440892098500626e-16,0.0009999999999999994,0.018326524202358967,54.56572064392228,0.1764705882352941,0.05263157894736842,0.04666300495214647,0.00010223788668101949
2009,joint_mapping,2.0,0.0001,229.9363053658538,False,0.004349030477848597,0.33622353095815866,0.9392456843479761,17.843768002611537,0.00010000000000000006,4.440892098500626e-16,0.00010000000000000006,0.018326524202358967,54.56572064392228,0.1764705882352941,0.05263157894736842,0.04666300495214647,7.97026123090891e-05
2009,joint_mapping,2.0,1e-05,280.6079807861841,False,0.0035636905165643655,0.33622353095815866,0.9392599261731707,17.845748597290235,1e-05,4.440892098500626e-16,1e-05,0.018326524202358967,54.56572064392228,0.1764705882352941,0.05263157894736842,0.04666300495214647,6.531006050153397e-05
2009,frozen_rates,1.0,0.0001,128.122449580091,False,0.007805033413561821,0.29756033713563673,0.9198227972126541,9.197227972126543,9.999999999999994e-05,4.440892098500626e-16,9.999999999999994e-05,0.018326524202358967,,0.3,0.1,,0.00014303913375386115
2020,joint_mapping,0.5,0.001,61.07814929339367,False,0.01637246726642652,0.2127468741602288,0.8511927718996852,4.432877703147425,0.0009999999999999996,4.440892098500626e-16,0.0009999999999999996,0.0195704769452298,51.097375030696156,0.45075573645036243,0.19179251692326926,0.04467815442252544,0.0003204169931741298
2020,joint_mapping,0.5,0.0001,78.2807627423888,False,0.012774530612212634,0.2127468741602288,0.8515826648499232,4.439603163404846,0.0001,4.440892098500626e-16,0.0001,0.0195704769452298,51.097375030696156,0.45075573645036243,0.19179251692326926,0.04467815442252544,0.0002500036568324397
2020,joint_mapping,0.5,1e-05,95.47455092448828,False,0.0104739953245856,0.2127468741602288,0.8516215611033588,4.440275224314748,1.0000000000000008e-05,4.440892098500626e-16,1.0000000000000008e-05,0.0195704769452298,51.097375030696156,0.45075573645036243,0.19179251692326926,0.04467815442252544,0.0002049810840242472
2020,joint_mapping,1.0,0.001,99.4299915128187,False,0.010057327621023463,0.26628067903274827,0.8991321329109752,8.467531838956003,0.001,2.220446049250313e-16,0.001,0.0195704769452298,51.097375030696156,0.29095201257520764,0.10606775976666535,0.04467815442252544,0.00019682669833786257
2020,joint_mapping,1.0,0.0001,127.30986252360697,False,0.007854850992511054,0.26628067903274827,0.8993881657846095,8.47843084234947,0.00010000000000000006,2.220446049250313e-16,0.00010000000000000006,0.0195704769452298,51.097375030696156,0.29095201257520764,0.10606775976666535,0.04467815442252544,0.00015372318025715301
2020,joint_mapping,1.0,1e-05,155.17990537109986,False,0.006444133327756471,0.26628067903274827,0.899413711781323,8.479520202556264,9.999999999999989e-06,2.220446049250313e-16,9.999999999999989e-06,0.0195704769452298,51.097375030696156,0.29095201257520764,0.10606775976666535,0.04467815442252544,0.000126114762722845
2020,joint_mapping,2.0,0.001,177.28234818379184,False,0.005640719508990719,0.30216238986613414,0.9222568190528828,16.449842958665105,0.0009999999999999998,4.440892098500626e-16,0.0009999999999999998,0.0195704769452298,51.097375030696156,0.1702421551156188,0.05600398869264599,0.04467815442252544,0.00011039157110521083
2020,joint_mapping,2.0,0.0001,227.1264938320602,False,0.0044028329021774575,0.30216238986613414,0.9224480431905797,16.469327716147035,9.999999999999998e-05,6.661338147750939e-16,9.999999999999998e-05,0.0195704769452298,51.097375030696156,0.1702421551156188,0.05600398869264599,0.04467815442252544,8.616553980576314e-05
2020,joint_mapping,2.0,1e-05,276.9568976022666,False,0.003610670139135094,0.30216238986613414,0.92246712335041,16.471275437414334,1.000000000000001e-05,6.661338147750939e-16,1.000000000000001e-05,0.0195704769452298,51.097375030696156,0.1702421551156188,0.05600398869264599,0.04467815442252544,7.066253671477303e-05
2020,frozen_rates,1.0,0.0001,128.122449580091,False,0.007805033413561821,0.29756033713563673,0.9198227972126541,9.197227972126543,9.999999999999994e-05,4.440892098500626e-16,9.999999999999994e-05,0.0195704769452298,,0.3,0.1,,0.00015274822647685988
2023,joint_mapping,0.5,0.001,61.136828148790535,False,0.016356753045255634,0.20975903865223444,0.8479304331339955,4.3915482151547405,0.0009999999999999994,4.440892098500626e-16,0.0009999999999999994,0.019704750739763,50.74918293597392,0.4493024060509148,0.19285463614206336,0.04441657405762,0.0003223057416686217
2023,joint_mapping,0.5,0.0001,78.36699070081906,False,0.012760474672527503,0.20975903865223444,0.8483295533135737,4.398284481420184,9.999999999999991e-05,4.440892098500626e-16,9.999999999999991e-05,0.019704750739763,50.74918293597392,0.4493024060509148,0.19285463614206336,0.04441657405762,0.0002514419727432134
2023,joint_mapping,0.5,1e-05,95.58815915516826,False,0.010461546794480057,0.20975903865223444,0.8483693695637987,4.3989576114668445,1.0000000000000004e-05,4.440892098500626e-16,1.0000000000000004e-05,0.019704750739763,50.74918293597392,0.4493024060509148,0.19285463614206336,0.04441657405762,0.00020614217193759614
2023,joint_mapping,1.0,0.001,99.46310937018865,False,0.010053978870478814,0.2626931182405809,0.8964669530890157,8.39097770805342,0.0009999999999999994,3.3306690738754696e-16,0.0009999999999999994,0.019704750739763,50.74918293597392,0.28974211851757536,0.10671783244395609,0.04441657405762,0.000198111147585629
2023,joint_mapping,1.0,0.0001,127.35076248154027,False,0.007852328329364748,0.2626931182405809,0.8967304005295069,8.401879798302506,9.999999999999996e-05,3.3306690738754696e-16,9.999999999999996e-05,0.019704750739763,50.74918293597392,0.28974211851757536,0.10671783244395609,0.04441657405762,0.00015472817245691198
2023,joint_mapping,1.0,1e-05,155.22837353135347,False,0.006442121225975593,0.2626931182405809,0.8967566861763002,8.402969453556272,1.0000000000000006e-05,3.3306690738754696e-16,1.0000000000000006e-05,0.019704750739763,50.74918293597392,0.28974211851757536,0.10671783244395609,0.04441657405762,0.0001269403929931855
2023,joint_mapping,2.0,0.001,177.25595392360697,False,0.005641559439131595,0.2982091130672835,0.9200008167017144,16.304002980425373,0.001,4.440892098500626e-16,0.001,0.019704750739763,50.74918293597392,0.16941428638026887,0.05636657560754059,0.04441657405762,0.00011116552253164523
2023,joint_mapping,2.0,0.0001,227.06901930580673,False,0.004403947324285764,0.2982091130672835,0.9201984248670817,16.323475658223106,9.999999999999995e-05,4.440892098500626e-16,9.999999999999995e-05,0.019704750739763,50.74918293597392,0.16941428638026887,0.05636657560754059,0.04441657405762,8.67786842960972e-05
2023,joint_mapping,2.0,1e-05,276.86801077962167,False,0.003611829323236511,0.2982091130672835,0.9202181420045974,16.325422151092916,1.0000000000000003e-05,4.440892098500626e-16,1.0000000000000003e-05,0.019704750739763,50.74918293597392,0.16941428638026887,0.05636657560754059,0.04441657405762,7.117019652894234e-05
2023,frozen_rates,1.0,0.0001,128.122449580091,False,0.007805033413561821,0.29756033713563673,0.9198227972126541,9.197227972126543,9.999999999999994e-05,4.440892098500626e-16,9.999999999999994e-05,0.019704750739763,,0.3,0.1,,0.00015379623792975724
