year,threshold_factor,budget_share,strategy,efficiency_gain_pp,loss_repaired_share,peak_change_pp,affected_change_pp,recovery_change,icr_change,worse_peak_cases,worse_affected_cases,cases
2020,0,0.05,impact,0.014295108180124912,0.055546814302844284,-5.064819888843881e-05,-0.0016736474077569529,-0.03728669926737807,0.0002760019212293619,14,14,42
2020,0,0.05,structure,0.013122715727091712,0.0502839256937457,-3.5457129434345826e-05,-0.0011376399709928627,-0.03391675162669793,0.00025225736208997615,13,13,42
2020,0,0.05,uniform,0.013122715727091712,0.0502839256937457,-3.5457129434345826e-05,-0.0011376399709928627,-0.03391675162669793,0.00025225736208997615,13,13,42
2020,0,0.05,weak,0.012738730303513019,0.04885006442359466,-2.4637935468345617e-05,-0.0007611889359987732,-0.032656895678687056,0.00024392428751407986,16,16,42
2020,0,0.1,impact,0.028557986674897378,0.11105425150155433,-9.998452977873284e-05,-0.0033074843642960385,-0.07444535629644952,0.000551372750827014,15,15,42
2020,0,0.1,structure,0.026225567108364038,0.10056360319066733,-7.028865161063023e-05,-0.0022583332781941517,-0.06775558999871259,0.000504167604747564,13,13,42
2020,0,0.1,uniform,0.026225567108364038,0.10056360319066733,-7.028865161063023e-05,-0.0022583332781941517,-0.06775558999871259,0.000504167604747564,13,13,42
2020,0,0.1,weak,0.02546200439099228,0.09770242938039694,-4.8824844799031544e-05,-0.0015101549841734481,-0.06525034539387368,0.00048758805298743633,16,16,42
2020,0,0.2,impact,0.05703520876464552,0.22212786315926367,-0.00019513127186884474,-0.0064655049092566756,-0.1485053071766656,0.0011011431913487493,15,15,42
2020,0,0.2,structure,0.052403537980426955,0.20111273972786758,-0.00013712213920938221,-0.004410428632039844,-0.13524715506167154,0.0010074266649724704,13,13,42
2020,0,0.2,uniform,0.052403537980426955,0.20111273972786758,-0.00013712213920938221,-0.004410428632039844,-0.13524715506167154,0.0010074266649724704,13,13,42
2020,0,0.2,weak,0.050897838346193824,0.19541355615737266,-9.500195697162759e-05,-0.0029382197106562306,-0.13030993956924486,0.000974709319502054,16,16,42
2020,1,0.05,impact,0.013828995082730555,0.05538070613762521,0.0009335765884775439,0.0007315922492148609,-0.018133961073059385,0.00028045188755005627,13,13,42
2020,1,0.05,structure,0.013195761536997289,0.05144365956828415,-0.001260944749142956,-0.000902836467224301,-0.012333855578999322,0.00022890919870115277,9,9,42
2020,1,0.05,uniform,0.012687257285648689,0.050418595031374504,0.00023428993666675338,0.00020489085158292313,-0.015194314208098294,0.00024608550423692907,13,13,42
2020,1,0.05,weak,0.013685872092031325,0.05504396505427957,0.001614180542545907,0.0012213468267032628,-0.01950393276162626,0.00028977382973775843,16,16,42
2020,1,0.1,impact,0.027598243337056322,0.11065161829113727,0.0019054474781107116,0.0014870895399566823,-0.03626612666602723,0.0005605092635662218,13,13,42
2020,1,0.1,structure,0.026390398581892533,0.10287929285962544,-0.0024546067247405686,-0.0017578091960986021,-0.024810662379681367,0.00045901036191437194,9,9,42
2020,1,0.1,uniform,0.025326273925972823,0.10075975067769313,0.0005005922350514473,0.00043137423885810023,-0.030393983125486152,0.0004918645302173971,13,13,42
2020,1,0.1,weak,0.027440810211080427,0.11015355152657899,0.0032339294370329974,0.0024439969591264856,-0.03908265707761551,0.0005810555730213549,16,16,42
2020,1,0.2,impact,0.05509522694326252,0.22121941331582143,0.003956784232718248,0.0030647427737950927,-0.07266838712209718,0.0011219447675469008,13,13,42
2020,1,0.2,structure,0.05260724944662462,0.20553074190980217,-0.004675990840723639,-0.0033499503532203032,-0.04991625887072969,0.0009189436000040281,9,9,42
2020,1,0.2,uniform,0.05058488547879673,0.20142491906536422,0.00112469236208932,0.0009461554940269954,-0.060944748681273656,0.0009848237351679288,13,13,42
2020,1,0.2,weak,0.05495051664753111,0.2205455101659273,0.00655961878693997,0.004943646635128357,-0.07838128020581554,0.0011654029318427675,16,16,42
2023,0,0.05,impact,0.014897362278783657,0.056022728854957696,-2.164177383680101e-05,-0.0009616498661313951,-0.03835999026324138,0.00028671463595027663,15,15,42
2023,0,0.05,structure,0.013658158300014121,0.050234245876220364,-1.3281442558293491e-05,-0.0005044060190322648,-0.034716283173144985,0.0002612472137256207,17,17,42
2023,0,0.05,uniform,0.013658158300014121,0.050234245876220364,-1.3281442558293491e-05,-0.0005044060190322648,-0.034716283173144985,0.0002612472137256207,17,17,42
2023,0,0.05,weak,0.013102311392169143,0.0483001318545965,-5.764381611870444e-06,-6.431052728260775e-05,-0.03276790575435484,0.00024869860896901237,19,19,42
2023,0,0.1,impact,0.029746703279765193,0.11209607140491003,-4.1656459279862855e-05,-0.0018408533293543105,-0.07648137813500609,0.0005722349004382076,15,15,42
2023,0,0.1,structure,0.027258079229930527,0.100448028428455,-2.5180783453865252e-05,-0.0009371663635058365,-0.0691818682260275,0.000521138342949217,17,17,42
2023,0,0.1,uniform,0.027258079229930527,0.100448028428455,-2.5180783453865252e-05,-0.0009371663635058365,-0.0691818682260275,0.000521138342949217,17,17,42
2023,0,0.1,weak,0.02615447899339423,0.09658940108304401,-1.0268524555954014e-05,-6.354585491961213e-05,-0.06531546842891041,0.000496217141881739,19,19,42
2023,0,0.2,impact,0.059335694666564555,0.22427083645177184,-7.882302202919e-05,-0.0034973287119892988,-0.15230222602780177,0.0011410696206122228,15,15,42
2023,0,0.2,structure,0.05424010639705142,0.20063140211564062,-4.5412163009704576e-05,-0.0016370221315305706,-0.13733172721130754,0.001036292077108425,17,17,42
2023,0,0.2,uniform,0.05424010639705142,0.20063140211564062,-4.5412163009704576e-05,-0.0016370221315305706,-0.13733172721130754,0.001036292077108425,17,17,42
2023,0,0.2,weak,0.052067737077585954,0.19294555920900808,-1.6199718458689838e-05,7.885576042249418e-05,-0.12973034231885366,0.000987217725079365,19,19,42
2023,1,0.05,impact,0.014474016492587102,0.055818730881681065,0.00036374780942065375,0.0002921923352074339,-0.017503381183558986,0.00028220401866199544,15,15,42
2023,1,0.05,structure,0.013395339304805161,0.05108516780417928,-0.0010136236592673238,-0.0007482603546483087,-0.01307006975762651,0.00023676281427319003,10,10,42
2023,1,0.05,uniform,0.013271845529156652,0.05027878025133874,-2.0580144018849956e-05,-1.441592154115598e-06,-0.015228068394129934,0.0002523639789210277,13,13,42
2023,1,0.05,weak,0.014365899968870425,0.05295831765318093,0.001503407852219511,0.001144224818716566,-0.020016322844337457,0.0003008026598579905,21,21,42
2023,1,0.1,impact,0.028892353566337077,0.11165377302132991,0.0007706847928585992,0.0006153210979380274,-0.03502916358100771,0.000564180663092548,15,15,42
2023,1,0.1,structure,0.027002333867132428,0.1026062528629282,-0.002082575178338367,-0.0015393799732162556,-0.026246520262202602,0.0004765770154442932,10,10,42
2023,1,0.1,uniform,0.026486866433940846,0.10053663188281278,-5.633168866423087e-06,2.3010998242846082e-05,-0.03046305735718643,0.0005043280078965759,13,13,42
2023,1,0.1,weak,0.028751096377762346,0.10593986700099546,0.003016720419470637,0.0022948064078426576,-0.04006251192245172,0.0006022536062343164,21,21,42
2023,1,0.2,impact,0.057603949306389735,0.22327936206984833,0.0016622459050429149,0.0013154716304197844,-0.07007714504581825,0.001127319123160003,15,15,42
2023,1,0.2,structure,0.05454263586570222,0.2066716548512863,-0.004281520596467681,-0.003170768373387626,-0.052807089810454975,0.000961399163842921,9,9,42
2023,1,0.2,uniform,0.05270069017522542,0.20078436721284423,0.000110632196754197,0.00013459242894404383,-0.06085541166779981,0.0010058258381783626,13,13,42
2023,1,0.2,weak,0.05750320072647692,0.21180576157605405,0.006130773045380841,0.004657559750525799,-0.08028931237526529,0.0012066913338290655,21,21,42
