year,mode,predictor,partial_rank_incident,spearman,overlap5,jaccard5,selected_mean_loss,population_mean_loss,random_q025,random_q975,random_exceed_share
2009,proportional,topsis,0.4213417242543179,0.8316181832914675,4,0.6666666666666666,0.04915770989117544,0.021586377647434957,0.011978266074697751,0.033814455723339326,0.0004997501249375312
2009,proportional,degree,0.3013522389018622,0.7395393267309035,3,0.42857142857142855,0.044262433219339634,0.021586377647434957,0.011978266074697751,0.033814455723339326,0.0004997501249375312
2009,proportional,closeness,0.42054528212319403,0.8121008760950875,3,0.42857142857142855,0.04491361269257462,0.021586377647434957,0.011978266074697751,0.033814455723339326,0.0004997501249375312
2009,proportional,betweenness,0.4886534396149799,0.8094299555754728,3,0.42857142857142855,0.0462010909089127,0.021586377647434957,0.011978266074697751,0.033814455723339326,0.0004997501249375312
2009,proportional,clustering,-0.16414897954419222,-0.5967343305412642,0,0.0,0.015134304170336002,0.021586377647434957,0.011978266074697751,0.033814455723339326,0.8640679660169915
2009,proportional,output,-0.5149179257242344,0.7402155416903007,2,0.25,0.04016353396022969,0.021586377647434957,0.011978266074697751,0.033814455723339326,0.0029985007496251873
2009,proportional,incident_amount,,0.8870431893687708,3,0.42857142857142855,0.04383704522920866,0.021586377647434957,0.011978266074697751,0.033814455723339326,0.0004997501249375312
2009,proportional,topsis_without_cluster,0.5098066018475609,0.8485069493614308,3,0.42857142857142855,0.0449695516630451,0.021586377647434957,0.011978266074697751,0.033814455723339326,0.0004997501249375312
2009,proportional,equal_weights,0.5277652998627546,0.8400453771979581,3,0.42857142857142855,0.044262433219339634,0.021586377647434957,0.011978266074697751,0.033814455723339326,0.0004997501249375312
2009,proportional,strength,0.31076707428649986,0.7849444939632121,3,0.42857142857142855,0.047099406521116945,0.021586377647434957,0.011978266074697751,0.033814455723339326,0.0004997501249375312
2009,equal_amount,topsis,0.5280757039955369,-0.2814196580504011,0,0.0,0.0014296379321872,0.0020083361947890598,0.0010013817872705515,0.003996663015948909,0.7521239380309845
2009,equal_amount,degree,0.4502307059750792,-0.22916789455119,0,0.0,0.0014582856106425798,0.0020083361947890598,0.0010013817872705515,0.003996663015948909,0.7346326836581709
2009,equal_amount,closeness,0.42499014982669636,-0.29541275744764806,0,0.0,0.00144106179713268,0.0020083361947890598,0.0010013817872705515,0.003996663015948909,0.7456271864067966
2009,equal_amount,betweenness,0.5800283639469205,-0.1789266217587887,0,0.0,0.00149947323161932,0.0020083361947890598,0.0010013817872705515,0.003996663015948909,0.7051474262868566
2009,equal_amount,clustering,-0.3698971145905049,0.1628783275920615,0,0.0,0.0019580849074953997,0.0020083361947890598,0.0010013817872705515,0.003996663015948909,0.4107946026986507
2009,equal_amount,output,-0.496155258257676,-0.7368122518434487,0,0.0,0.00082190160266074,0.0020083361947890598,0.0010013817872705515,0.003996663015948909,0.9995002498750625
2009,equal_amount,incident_amount,,-0.6426545660805445,0,0.0,0.0009406550952230398,0.0020083361947890598,0.0010013817872705515,0.003996663015948909,0.9885057471264368
2009,equal_amount,topsis_without_cluster,0.6060743164707377,-0.2303796444498661,0,0.0,0.00157364075895062,0.0020083361947890598,0.0010013817872705515,0.003996663015948909,0.6571714142928535
2009,equal_amount,equal_weights,0.5335470936150845,-0.23701482862004702,0,0.0,0.00145828561064258,0.0020083361947890598,0.0010013817872705515,0.003996663015948909,0.7346326836581709
2009,equal_amount,strength,0.4206484329450233,-0.30443237987197147,0,0.0,0.00112309261411444,0.0020083361947890598,0.0010013817872705515,0.003996663015948909,0.927536231884058
2010,proportional,topsis,0.4209227446872191,0.8282148934446155,3,0.42857142857142855,0.04522429802970774,0.021567053321328244,0.011944936987007474,0.03394009700803759,0.0004997501249375312
2010,proportional,degree,0.2576510361421982,0.7269936845040954,3,0.42857142857142855,0.04419549529102822,0.021567053321328244,0.011944936987007474,0.03394009700803759,0.0004997501249375312
2010,proportional,closeness,0.42253279142951394,0.8121094475611498,3,0.42857142857142855,0.04540010110777156,0.021567053321328244,0.011944936987007474,0.03394009700803759,0.0004997501249375312
2010,proportional,betweenness,0.4478265237632166,0.795177886423382,3,0.42857142857142855,0.046849609445051156,0.021567053321328244,0.011944936987007474,0.03394009700803759,0.0004997501249375312
2010,proportional,clustering,-0.1755009769983671,-0.6638304774299343,0,0.0,0.01684709262344898,0.021567053321328244,0.011944936987007474,0.03394009700803759,0.7666166916541729
2010,proportional,output,-0.5253020923429981,0.7340572076817115,2,0.25,0.04044803524841058,0.021567053321328244,0.011944936987007474,0.03394009700803759,0.0029985007496251873
2010,proportional,incident_amount,,0.8805607325176242,3,0.42857142857142855,0.04385457972038666,0.021567053321328244,0.011944936987007474,0.03394009700803759,0.0004997501249375312
2010,proportional,topsis_without_cluster,0.49014751612554325,0.840646651960222,3,0.42857142857142855,0.04522429802970774,0.021567053321328244,0.011944936987007474,0.03394009700803759,0.0004997501249375312
2010,proportional,equal_weights,0.48137079636595403,0.8116846284741918,3,0.42857142857142855,0.04419549529102822,0.021567053321328244,0.011944936987007474,0.03394009700803759,0.0004997501249375312
2010,proportional,strength,0.3492948968605228,0.7928855036058666,3,0.42857142857142855,0.04758061402146012,0.021567053321328244,0.011944936987007474,0.03394009700803759,0.0004997501249375312
2010,equal_amount,topsis,0.4933529873197305,-0.26813062150555056,0,0.0,0.0015228852772972402,0.001996945241595814,0.0009974293545884194,0.003940620927326774,0.6811594202898551
2010,equal_amount,degree,0.38651704806590453,-0.2433325968794699,0,0.0,0.00142833906397498,0.001996945241595814,0.0009974293545884194,0.003940620927326774,0.7471264367816092
2010,equal_amount,closeness,0.4063513946559536,-0.2809679309321117,0,0.0,0.0014352195011050801,0.001996945241595814,0.0009974293545884194,0.003940620927326774,0.7436281859070465
2010,equal_amount,betweenness,0.5238144989535878,-0.18054135854551917,0,0.0,0.0014507548629510202,0.001996945241595814,0.0009974293545884194,0.003940620927326774,0.7371314342828585
2010,equal_amount,clustering,-0.3871333795242032,0.20064016871539517,0,0.0,0.00164380215933724,0.001996945241595814,0.0009974293545884194,0.003940620927326774,0.6051974012993503
2010,equal_amount,output,-0.47377089065212236,-0.7092618102260758,0,0.0,0.00081324898143664,0.001996945241595814,0.0009974293545884194,0.003940620927326774,0.9995002498750625
2010,equal_amount,incident_amount,,-0.6168868000972368,0,0.0,0.00093561513386226,0.001996945241595814,0.0009974293545884194,0.003940620927326774,0.9870064967516242
2010,equal_amount,topsis_without_cluster,0.5477439640933668,-0.2282727606103668,0,0.0,0.0015228852772972402,0.001996945241595814,0.0009974293545884194,0.003940620927326774,0.6811594202898551
2010,equal_amount,equal_weights,0.4542207176151657,-0.2268049590794911,0,0.0,0.00142833906397498,0.001996945241595814,0.0009974293545884194,0.003940620927326774,0.7471264367816092
2010,equal_amount,strength,0.42807602244272713,-0.2741268940928612,0,0.0,0.0011466445111991401,0.001996945241595814,0.0009974293545884194,0.003940620927326774,0.9120439780109945
2011,proportional,topsis,0.5183810591794678,0.8387488858277288,3,0.42857142857142855,0.045733503842614764,0.022004801211760412,0.012290040494749178,0.03446386848544201,0.0004997501249375312
2011,proportional,degree,0.29528857801206554,0.7000621630617038,3,0.42857142857142855,0.045733503842614764,0.022004801211760412,0.012290040494749178,0.03446386848544201,0.0004997501249375312
2011,proportional,closeness,0.5348199574717566,0.8351640863753074,3,0.42857142857142855,0.04586853628582831,0.022004801211760412,0.012290040494749178,0.03446386848544201,0.0004997501249375312
2011,proportional,betweenness,0.524995506911743,0.7914419878659849,3,0.42857142857142855,0.043706614447428085,0.022004801211760412,0.012290040494749178,0.03446386848544201,0.0004997501249375312
2011,proportional,clustering,-0.16127192868306908,-0.602131371197917,0,0.0,0.013402218990516879,0.022004801211760412,0.012290040494749178,0.03446386848544201,0.9445277361319341
2011,proportional,output,-0.3903548996832245,0.7246576452475488,2,0.25,0.038355224529465035,0.022004801211760412,0.012290040494749178,0.03446386848544201,0.0079960019990005
2011,proportional,incident_amount,,0.8530102909002512,2,0.25,0.03835522452946504,0.022004801211760412,0.012290040494749178,0.03446386848544201,0.0079960019990005
2011,proportional,topsis_without_cluster,0.5536807195292774,0.8520379223725792,3,0.42857142857142855,0.045733503842614764,0.022004801211760412,0.012290040494749178,0.03446386848544201,0.0004997501249375312
2011,proportional,equal_weights,0.5441431097897961,0.7993679604570133,3,0.42857142857142855,0.045733503842614764,0.022004801211760412,0.012290040494749178,0.03446386848544201,0.0004997501249375312
2011,proportional,strength,0.34367306069139314,0.7765173000567216,4,0.6666666666666666,0.04964212615880438,0.022004801211760412,0.012290040494749178,0.03446386848544201,0.0004997501249375312
2011,equal_amount,topsis,0.45225013264879704,-0.2992464143910542,0,0.0,0.00149239029105934,0.0020256775054553785,0.0010111138138338626,0.003900507170921771,0.7376311844077961
2011,equal_amount,degree,0.35074446666893566,-0.25427283946529705,0,0.0,0.00149239029105934,0.0020256775054553785,0.0010111138138338626,0.003900507170921771,0.7376311844077961
2011,equal_amount,closeness,0.39516466765501046,-0.30806830890419895,0,0.0,0.0014764270794284,0.0020256775054553785,0.0010111138138338626,0.003900507170921771,0.7491254372813593
2011,equal_amount,betweenness,0.46945178167789703,-0.19662196537953305,0,0.0,0.0014630428625035398,0.0020256775054553785,0.0010111138138338626,0.003900507170921771,0.7576211894052973
2011,equal_amount,clustering,-0.3825127875413625,0.18185501978036686,0,0.0,0.0018344283843376601,0.0020256775054553785,0.0010111138138338626,0.003900507170921771,0.5142428785607196
2011,equal_amount,output,-0.3967139116750241,-0.7136374686005997,0,0.0,0.00077002095581296,0.0020256775054553785,0.0010111138138338626,0.003900507170921771,0.9995002498750625
2011,equal_amount,incident_amount,,-0.6486508386678551,0,0.0,0.00077002095581296,0.0020256775054553785,0.0010111138138338626,0.003900507170921771,0.9995002498750625
2011,equal_amount,topsis_without_cluster,0.49875135446635827,-0.28206790373551577,0,0.0,0.00149239029105934,0.0020256775054553785,0.0010111138138338626,0.003900507170921771,0.7376311844077961
2011,equal_amount,equal_weights,0.3893351532274695,-0.24155254841584958,0,0.0,0.00149239029105934,0.0020256775054553785,0.0010111138138338626,0.003900507170921771,0.7376311844077961
2011,equal_amount,strength,0.4485428787167896,-0.2904950976420063,0,0.0,0.00131802414497586,0.0020256775054553785,0.0010111138138338626,0.003900507170921771,0.8390804597701149
2012,proportional,topsis,0.6004280249039687,0.8379385787213354,3,0.42857142857142855,0.04278295116617778,0.022008914243379852,0.012563531333118294,0.03411684553506471,0.0004997501249375312
2012,proportional,degree,0.38258285229132993,0.7322145068102835,3,0.42857142857142855,0.04646522881315218,0.022008914243379852,0.012563531333118294,0.03411684553506471,0.0004997501249375312
2012,proportional,closeness,0.5424937504345141,0.8126881204588071,2,0.25,0.04546620992379262,0.022008914243379852,0.012563531333118294,0.03411684553506471,0.0004997501249375312
2012,proportional,betweenness,0.6132973789379207,0.8277514683630476,3,0.42857142857142855,0.04339841402244002,0.022008914243379852,0.012563531333118294,0.03411684553506471,0.0004997501249375312
2012,proportional,clustering,-0.21852782030278023,-0.6257952151265566,0,0.0,0.01576824786830086,0.022008914243379852,0.012563531333118294,0.03411684553506471,0.8505747126436781
2012,proportional,output,-0.38569782304519384,0.6569159711530671,2,0.25,0.03460166943802122,0.022008914243379852,0.012563531333118294,0.03411684553506471,0.021989005497251374
2012,proportional,incident_amount,,0.7904545822866867,2,0.25,0.03460166943802122,0.022008914243379852,0.012563531333118294,0.03411684553506471,0.021989005497251374
2012,proportional,topsis_without_cluster,0.6174606700891262,0.861715490355215,3,0.42857142857142855,0.04278295116617778,0.022008914243379852,0.012563531333118294,0.03411684553506471,0.0004997501249375312
2012,proportional,equal_weights,0.5609966834529929,0.7802447127461308,3,0.42857142857142855,0.046465228813152175,0.022008914243379852,0.012563531333118294,0.03411684553506471,0.0004997501249375312
2012,proportional,strength,0.45518602600157554,0.7953164249250467,3,0.42857142857142855,0.048568970316417,0.022008914243379852,0.012563531333118294,0.03411684553506471,0.0004997501249375312
2012,equal_amount,topsis,0.5619599942767911,-0.23247710882424444,0,0.0,0.0015354243924216603,0.002072449165568012,0.000977177948489584,0.004068955496287234,0.688655672163918
2012,equal_amount,degree,0.534488877068034,-0.2081714676599841,0,0.0,0.00150150105926486,0.002072449165568012,0.000977177948489584,0.004068955496287234,0.7106446776611695
2012,equal_amount,closeness,0.48949470885951624,-0.2625133517473248,0,0.0,0.0014520811281511202,0.002072449165568012,0.000977177948489584,0.004068955496287234,0.7386306846576711
2012,equal_amount,betweenness,0.5973692934437375,-0.1690860989063343,0,0.0,0.00152350487414542,0.002072449165568012,0.000977177948489584,0.004068955496287234,0.697151424287856
2012,equal_amount,clustering,-0.5304138906556979,0.15195105262396963,2,0.25,0.004218254712890219,0.002072449165568012,0.000977177948489584,0.004068955496287234,0.01699150424787606
2012,equal_amount,output,-0.38632103308949983,-0.7282229965156795,0,0.0,0.0007310265015145,0.002072449165568012,0.000977177948489584,0.004068955496287234,1.0
2012,equal_amount,incident_amount,,-0.6702050076979177,0,0.0,0.0007310265015145,0.002072449165568012,0.000977177948489584,0.004068955496287234,1.0
2012,equal_amount,topsis_without_cluster,0.6080454992655204,-0.276569020931197,0,0.0,0.0015354243924216603,0.002072449165568012,0.000977177948489584,0.004068955496287234,0.688655672163918
2012,equal_amount,equal_weights,0.4510178258982521,-0.19163763066202094,0,0.0,0.0015015010592648603,0.002072449165568012,0.000977177948489584,0.004068955496287234,0.7106446776611695
2012,equal_amount,strength,0.5535015132941014,-0.27736812251843446,0,0.0,0.00128257056122228,0.002072449165568012,0.000977177948489584,0.004068955496287234,0.8355822088955522
2013,proportional,topsis,0.6198459708641558,0.794181994976096,4,0.6666666666666666,0.04883053259540946,0.021900312877152057,0.012122338756560758,0.034196571692857024,0.0004997501249375312
2013,proportional,degree,0.4911467199529852,0.7524055705707586,3,0.42857142857142855,0.04659581785501278,0.021900312877152057,0.012122338756560758,0.034196571692857024,0.0004997501249375312
2013,proportional,closeness,0.5666965900646046,0.7954533752416274,3,0.42857142857142855,0.0444898809708713,0.021900312877152057,0.012122338756560758,0.034196571692857024,0.0004997501249375312
2013,proportional,betweenness,0.6772429253195174,0.8113715087547159,4,0.6666666666666666,0.04883053259540946,0.021900312877152057,0.012122338756560758,0.034196571692857024,0.0004997501249375312
2013,proportional,clustering,-0.43466548989516157,-0.723390462892703,0,0.0,0.0126300721700252,0.021900312877152057,0.012122338756560758,0.034196571692857024,0.9615192403798101
2013,proportional,output,-0.4129992875919177,0.6013289036544851,2,0.25,0.034900455269961904,0.021900312877152057,0.012122338756560758,0.034196571692857024,0.02048975512243878
2013,proportional,incident_amount,,0.7345433919455474,2,0.25,0.034900455269961904,0.021900312877152057,0.012122338756560758,0.034196571692857024,0.02048975512243878
2013,proportional,topsis_without_cluster,0.669183297614021,0.8364535323428821,4,0.6666666666666666,0.04883053259540946,0.021900312877152057,0.012122338756560758,0.034196571692857024,0.0004997501249375312
2013,proportional,equal_weights,0.5855903422242652,0.7729519487885909,3,0.42857142857142855,0.04659581785501278,0.021900312877152057,0.012122338756560758,0.034196571692857024,0.0004997501249375312
2013,proportional,strength,0.5719552019209788,0.8147637954784864,4,0.6666666666666666,0.04891092452727106,0.021900312877152057,0.012122338756560758,0.034196571692857024,0.0004997501249375312
2013,equal_amount,topsis,0.3726163500529274,-0.21853982659427923,0,0.0,0.00152392402043156,0.0021535100487355377,0.0010484777172946225,0.004121510731958126,0.7391304347826086
2013,equal_amount,degree,0.4805241383946398,-0.21500780544141745,0,0.0,0.0015707201092888402,0.0021535100487355377,0.0010484777172946225,0.004121510731958126,0.7156421789105447
2013,equal_amount,closeness,0.30849091648440663,-0.32290922861371213,0,0.0,0.0014308457730030598,0.0021535100487355377,0.0010484777172946225,0.004121510731958126,0.7941029485257372
2013,equal_amount,betweenness,0.4617146584152814,-0.13521503347620925,0,0.0,0.00152392402043156,0.0021535100487355377,0.0010484777172946225,0.004121510731958126,0.7391304347826086
2013,equal_amount,clustering,-0.46323595249403277,0.2204124632091579,1,0.1111111111111111,0.00230594727238432,0.0021535100487355377,0.0010484777172946225,0.004121510731958126,0.3728135932033983
2013,equal_amount,output,-0.45469166833448715,-0.7439429543797099,0,0.0,0.00077976736209094,0.0021535100487355377,0.0010484777172946225,0.004121510731958126,0.9995002498750625
2013,equal_amount,incident_amount,,-0.6702050076979177,0,0.0,0.00077976736209094,0.0021535100487355377,0.0010484777172946225,0.004121510731958126,0.9995002498750625
2013,equal_amount,topsis_without_cluster,0.4622665647001316,-0.2172785505485192,0,0.0,0.00152392402043156,0.0021535100487355377,0.0010484777172946225,0.004121510731958126,0.7391304347826086
2013,equal_amount,equal_weights,0.3639291614286017,-0.2159468438538206,0,0.0,0.00157072010928884,0.0021535100487355377,0.0010484777172946225,0.004121510731958126,0.7156421789105447
2013,equal_amount,strength,0.5645451155991494,-0.25565189206709343,0,0.0,0.0013631517931806,0.0021535100487355377,0.0010484777172946225,0.004121510731958126,0.8260869565217391
2014,proportional,topsis,0.6096598642681131,0.7881857223887855,4,0.6666666666666666,0.0478313129620109,0.021809675470137187,0.012201983009109964,0.03365482724592946,0.0004997501249375312
2014,proportional,degree,0.4913239704499567,0.7364332461014399,3,0.42857142857142855,0.04603673635255546,0.021809675470137187,0.012201983009109964,0.03365482724592946,0.0004997501249375312
2014,proportional,closeness,0.5582711736439331,0.7919556192778573,3,0.42857142857142855,0.04603673635255546,0.021809675470137187,0.012201983009109964,0.03365482724592946,0.0004997501249375312
2014,proportional,betweenness,0.6239266633335754,0.7742137996154327,4,0.6666666666666666,0.0478313129620109,0.021809675470137187,0.012201983009109964,0.03365482724592946,0.0004997501249375312
2014,proportional,clustering,-0.3554008735578239,-0.6622639980552629,0,0.0,0.013810894927877598,0.021809675470137187,0.012201983009109964,0.03365482724592946,0.9290354822588706
2014,proportional,output,-0.38446511684775214,0.6031115792885503,2,0.25,0.03499756609650963,0.021809675470137187,0.012201983009109964,0.03365482724592946,0.01899050474762619
2014,proportional,incident_amount,,0.7246576452475488,2,0.25,0.03499756609650963,0.021809675470137187,0.012201983009109964,0.03365482724592946,0.01899050474762619
2014,proportional,topsis_without_cluster,0.6601820151106421,0.8359466803182619,4,0.6666666666666666,0.0478313129620109,0.021809675470137187,0.012201983009109964,0.03365482724592946,0.0004997501249375312
2014,proportional,equal_weights,0.5640353080156454,0.7426464630094806,3,0.42857142857142855,0.046036736352555466,0.021809675470137187,0.012201983009109964,0.03365482724592946,0.0004997501249375312
2014,proportional,strength,0.6303589045936534,0.8377765173000568,4,0.6666666666666666,0.04827177937824336,0.021809675470137187,0.012201983009109964,0.03365482724592946,0.0004997501249375312
2014,equal_amount,topsis,0.4444288943310903,-0.1874240337087756,0,0.0,0.0015560263741252601,0.002219252358317588,0.0011017802475428045,0.004073339341573237,0.7796101949025487
2014,equal_amount,degree,0.5381603351925637,-0.16001652828419557,0,0.0,0.00158800990260934,0.002219252358317588,0.0011017802475428045,0.004073339341573237,0.7641179410294853
2014,equal_amount,closeness,0.3619050674708046,-0.3136602791473127,0,0.0,0.00158800990260934,0.002219252358317588,0.0011017802475428045,0.004073339341573237,0.7641179410294853
2014,equal_amount,betweenness,0.48468111361551663,-0.11171705111022943,0,0.0,0.0015560263741252601,0.002219252358317588,0.0011017802475428045,0.004073339341573237,0.7796101949025487
2014,equal_amount,clustering,-0.5210858197818828,0.16019771493395998,3,0.42857142857142855,0.004462157320899959,0.002219252358317588,0.0011017802475428045,0.004073339341573237,0.008995502248875561
2014,equal_amount,output,-0.40832541613582274,-0.738594927477514,0,0.0,0.00084022072927176,0.002219252358317588,0.0011017802475428045,0.004073339341573237,0.9985007496251874
2014,equal_amount,incident_amount,,-0.6784701401831293,0,0.0,0.00084022072927176,0.002219252358317588,0.0011017802475428045,0.004073339341573237,0.9985007496251874
2014,equal_amount,topsis_without_cluster,0.5424417860497394,-0.20550220834500899,0,0.0,0.0015560263741252601,0.002219252358317588,0.0011017802475428045,0.004073339341573237,0.7796101949025487
2014,equal_amount,equal_weights,0.38563186951914924,-0.17413499716392514,0,0.0,0.00158800990260934,0.002219252358317588,0.0011017802475428045,0.004073339341573237,0.7641179410294853
2014,equal_amount,strength,0.6380763935574575,-0.240904302730735,0,0.0,0.0014187335908362399,0.002219252358317588,0.0011017802475428045,0.004073339341573237,0.8440779610194903
2015,proportional,topsis,0.47158670412631715,0.7757069929503283,3,0.42857142857142855,0.03935387551317644,0.021845277734966036,0.01289756017714662,0.03345805534741477,0.0024987506246876563
2015,proportional,degree,0.3179756334798191,0.6804116394924131,4,0.6666666666666666,0.046400774348899665,0.021845277734966036,0.01289756017714662,0.03345805534741477,0.0004997501249375312
2015,proportional,closeness,0.37298979327391674,0.7495138581727577,4,0.6666666666666666,0.046400774348899665,0.021845277734966036,0.01289756017714662,0.03345805534741477,0.0004997501249375312
2015,proportional,betweenness,0.5490144185383056,0.7959616598396505,3,0.42857142857142855,0.04067495143043934,0.021845277734966036,0.01289756017714662,0.03345805534741477,0.0009995002498750624
2015,proportional,clustering,-0.2411345477977729,-0.6030549820597622,0,0.0,0.015175014857888542,0.021845277734966036,0.01289756017714662,0.03345805534741477,0.895552223888056
2015,proportional,output,-0.4366886244747123,0.6324446965399887,2,0.25,0.034739704679888184,0.021845277734966036,0.01289756017714662,0.03345805534741477,0.017491254372813594
2015,proportional,incident_amount,,0.7776517300056722,4,0.6666666666666666,0.04318913117039448,0.021845277734966036,0.01289756017714662,0.03345805534741477,0.0004997501249375312
2015,proportional,topsis_without_cluster,0.5030924858178023,0.8074710315209465,3,0.42857142857142855,0.03935387551317644,0.021845277734966036,0.01289756017714662,0.03345805534741477,0.0024987506246876563
2015,proportional,equal_weights,0.41732021260397084,0.7389190503200714,4,0.6666666666666666,0.046400774348899665,0.021845277734966036,0.01289756017714662,0.03345805534741477,0.0004997501249375312
2015,proportional,strength,0.603430371727564,0.8486346325257274,4,0.6666666666666666,0.047178951716387,0.021845277734966036,0.01289756017714662,0.03345805534741477,0.0004997501249375312
2015,equal_amount,topsis,0.5686858352335663,-0.25241066364152015,0,0.0,0.00148697055829434,0.0021728337070541478,0.0010873075061264234,0.0038723287700459922,0.7956021989005497
2015,equal_amount,degree,0.4108015300848469,-0.27401523260484156,0,0.0,0.0014468952588431,0.0021728337070541478,0.0010873075061264234,0.0038723287700459922,0.8135932033983009
2015,equal_amount,closeness,0.34271371172335846,-0.38989001716142707,0,0.0,0.0014468952588431,0.0021728337070541478,0.0010873075061264234,0.0038723287700459922,0.8135932033983009
2015,equal_amount,betweenness,0.6018902300656049,-0.20184906483350892,0,0.0,0.00145646662008282,0.0021728337070541478,0.0010873075061264234,0.0038723287700459922,0.8085957021489255
2015,equal_amount,clustering,-0.30978794194465564,0.2672501116411039,2,0.25,0.0038666733365188394,0.0021728337070541478,0.0010873075061264234,0.0038723287700459922,0.026486756621689155
2015,equal_amount,output,-0.44790657251063926,-0.7714933959970829,0,0.0,0.0008255227410602599,0.0021728337070541478,0.0010873075061264234,0.0038723287700459922,1.0
2015,equal_amount,incident_amount,,-0.7048861518515518,0,0.0,0.00111448650579072,0.0021728337070541478,0.0010873075061264234,0.0038723287700459922,0.9675162418790605
2015,equal_amount,topsis_without_cluster,0.5740321541369242,-0.30459444129325014,0,0.0,0.00148697055829434,0.0021728337070541478,0.0010873075061264234,0.0038723287700459922,0.7956021989005497
2015,equal_amount,equal_weights,0.4682079589786431,-0.2707236042460092,0,0.0,0.0014468952588431,0.0021728337070541478,0.0010873075061264234,0.0038723287700459922,0.8135932033983009
2015,equal_amount,strength,0.535779090248931,-0.33101045296167253,0,0.0,0.00133319310490824,0.0021728337070541478,0.0010873075061264234,0.0038723287700459922,0.8755622188905547
2016,proportional,topsis,0.6867135023445899,0.8176809010615024,2,0.25,0.042058708939758174,0.022055246343739537,0.012555290246483214,0.033925464842930866,0.0014992503748125937
2016,proportional,degree,0.4225455430337511,0.7258053277231992,3,0.42857142857142855,0.04768948077668213,0.022055246343739537,0.012555290246483214,0.033925464842930866,0.0004997501249375312
2016,proportional,closeness,0.6652550173251154,0.8429072220421345,3,0.42857142857142855,0.04768948077668212,0.022055246343739537,0.012555290246483214,0.033925464842930866,0.0004997501249375312
2016,proportional,betweenness,0.6274354756430747,0.7508343948507984,2,0.25,0.042058708939758174,0.022055246343739537,0.012555290246483214,0.033925464842930866,0.0014992503748125937
2016,proportional,clustering,-0.2554371360713847,-0.6314723280123167,0,0.0,0.013353949258304621,0.022055246343739537,0.012555290246483214,0.033925464842930866,0.9500249875062469
2016,proportional,output,-0.3613160759133174,0.5972773681225184,2,0.25,0.034057019291697,0.022055246343739537,0.012555290246483214,0.033925464842930866,0.02448775612193903
2016,proportional,incident_amount,,0.7291953650433516,3,0.42857142857142855,0.03827423082260656,0.022055246343739537,0.012555290246483214,0.033925464842930866,0.004497751124437781
2016,proportional,topsis_without_cluster,0.6840214551746998,0.835643093885036,2,0.25,0.042058708939758174,0.022055246343739537,0.012555290246483214,0.033925464842930866,0.0014992503748125937
2016,proportional,equal_weights,0.6535680986263567,0.7727898873673124,3,0.42857142857142855,0.04768948077668213,0.022055246343739537,0.012555290246483214,0.033925464842930866,0.0004997501249375312
2016,proportional,strength,0.6115789615173136,0.8337249817680902,4,0.6666666666666666,0.048963727484597944,0.022055246343739537,0.012555290246483214,0.033925464842930866,0.0004997501249375312
2016,equal_amount,topsis,0.5103697624759168,-0.14480187991248686,0,0.0,0.0017278725594896197,0.0023997694804006858,0.0012033570269916944,0.004321791944534528,0.7681159420289855
2016,equal_amount,degree,0.5315847332445521,-0.2465091145505798,0,0.0,0.0016483390989819803,0.0023997694804006858,0.0012033570269916944,0.004321791944534528,0.8065967016491754
2016,equal_amount,closeness,0.4343071747840535,-0.3020884609014839,0,0.0,0.00164833909898198,0.0023997694804006858,0.0012033570269916944,0.004321791944534528,0.8065967016491754
2016,equal_amount,betweenness,0.4508447429782834,-0.10322450144460407,0,0.0,0.0017278725594896197,0.0023997694804006858,0.0012033570269916944,0.004321791944534528,0.7681159420289855
2016,equal_amount,clustering,-0.3771015523693164,0.2961672473867596,3,0.42857142857142855,0.00482279470713494,0.0023997694804006858,0.0012033570269916944,0.004321791944534528,0.006496751624187906
2016,equal_amount,output,-0.4386464092073609,-0.7693865975204603,0,0.0,0.0009703144792245601,0.0023997694804006858,0.0012033570269916944,0.004321791944534528,0.9975012493753124
2016,equal_amount,incident_amount,,-0.705210274694109,0,0.0,0.00107686548324328,0.0023997694804006858,0.0012033570269916944,0.004321791944534528,0.9930034982508745
2016,equal_amount,topsis_without_cluster,0.5029715209235321,-0.20641867521338247,0,0.0,0.0017278725594896197,0.0023997694804006858,0.0012033570269916944,0.004321791944534528,0.7681159420289855
2016,equal_amount,equal_weights,0.46815197200161807,-0.1068795073332793,0,0.0,0.0016483390989819803,0.0023997694804006858,0.0012033570269916944,0.004321791944534528,0.8065967016491754
2016,equal_amount,strength,0.6078876546220435,-0.3002187829187262,0,0.0,0.00156594593018612,0.0023997694804006858,0.0012033570269916944,0.004321791944534528,0.8505747126436781
2017,proportional,topsis,0.7212041678431624,0.8547929665343166,3,0.42857142857142855,0.04504316214348414,0.02218017349342099,0.012101285406954097,0.03556032733883715,0.0009995002498750624
2017,proportional,degree,0.4349363034686782,0.7385498070355971,4,0.6666666666666666,0.05083120839657422,0.02218017349342099,0.012101285406954097,0.03556032733883715,0.0004997501249375312
2017,proportional,closeness,0.6893741867554206,0.8470545696147991,4,0.6666666666666666,0.05083120839657422,0.02218017349342099,0.012101285406954097,0.03556032733883715,0.0004997501249375312
2017,proportional,betweenness,0.6836845349711389,0.8097545390163051,3,0.42857142857142855,0.04504316214348414,0.02218017349342099,0.012101285406954097,0.03556032733883715,0.0009995002498750624
2017,proportional,clustering,-0.058640720622015946,-0.49479356630702864,0,0.0,0.01275538718824962,0.02218017349342099,0.012101285406954097,0.03556032733883715,0.9575212393803099
2017,proportional,output,-0.3920879238958955,0.5878778056883559,2,0.25,0.03448309126143528,0.02218017349342099,0.012101285406954097,0.03556032733883715,0.031984007996002
2017,proportional,incident_amount,,0.7394052345839073,4,0.6666666666666666,0.04371981570402318,0.02218017349342099,0.012101285406954097,0.03556032733883715,0.0014992503748125937
2017,proportional,topsis_without_cluster,0.729095822310872,0.8690543716068391,3,0.42857142857142855,0.04504316214348414,0.02218017349342099,0.012101285406954097,0.03556032733883715,0.0009995002498750624
2017,proportional,equal_weights,0.6908041707902712,0.815412041163601,4,0.6666666666666666,0.05083120839657422,0.02218017349342099,0.012101285406954097,0.03556032733883715,0.0004997501249375312
2017,proportional,strength,0.5675143969957708,0.8238392350700916,5,1.0,0.05262700137701902,0.02218017349342099,0.012101285406954097,0.03556032733883715,0.0004997501249375312
2017,equal_amount,topsis,0.6098439833764141,-0.08338060124787294,0,0.0,0.0016037172900368799,0.002265846133397886,0.00110116503071869,0.00431928682301229,0.7471264367816092
2017,equal_amount,degree,0.5161802586240433,-0.19883096091753455,0,0.0,0.00152828351705904,0.002265846133397886,0.00110116503071869,0.00431928682301229,0.7931034482758621
2017,equal_amount,closeness,0.5536207490213094,-0.1430429510888706,0,0.0,0.00152828351705904,0.002265846133397886,0.00110116503071869,0.00431928682301229,0.7931034482758621
2017,equal_amount,betweenness,0.5794692941750751,-0.02840105107282361,0,0.0,0.0016037172900368799,0.002265846133397886,0.00110116503071869,0.00431928682301229,0.7471264367816092
2017,equal_amount,clustering,-0.11717979406310211,0.3357238364248312,2,0.25,0.004410822472292559,0.002265846133397886,0.00110116503071869,0.00431928682301229,0.02048975512243878
2017,equal_amount,output,-0.45752875253492936,-0.7295194878859088,0,0.0,0.00093824286824238,0.002265846133397886,0.00110116503071869,0.00431928682301229,0.9905047476261869
2017,equal_amount,incident_amount,,-0.6458957945061179,0,0.0,0.0012311509788648601,0.002265846133397886,0.00110116503071869,0.00431928682301229,0.9370314842578711
2017,equal_amount,topsis_without_cluster,0.5994553177058769,-0.12924398346973504,0,0.0,0.0016037172900368799,0.002265846133397886,0.00110116503071869,0.00431928682301229,0.7471264367816092
2017,equal_amount,equal_weights,0.615619980211561,-0.010777084515031198,0,0.0,0.00152828351705904,0.002265846133397886,0.00110116503071869,0.00431928682301229,0.7931034482758621
2017,equal_amount,strength,0.5659448044891411,-0.2749372011992545,0,0.0,0.00154345087204806,0.002265846133397886,0.00110116503071869,0.00431928682301229,0.784607696151924
2018,proportional,topsis,0.7023235912702612,0.8260940059539876,3,0.42857142857142855,0.045822867290883904,0.022108510238946888,0.012635283817224787,0.03493209698817372,0.0004997501249375312
2018,proportional,degree,0.4444256149441169,0.733688633664455,4,0.6666666666666666,0.04909649937599518,0.022108510238946888,0.012635283817224787,0.03493209698817372,0.0004997501249375312
2018,proportional,closeness,0.6543991788752398,0.819581673180593,4,0.6666666666666666,0.04909649937599518,0.022108510238946888,0.012635283817224787,0.03493209698817372,0.0004997501249375312
2018,proportional,betweenness,0.6824968987744341,0.777133903212662,3,0.42857142857142855,0.04268089056588588,0.022108510238946888,0.012635283817224787,0.03493209698817372,0.0014992503748125937
2018,proportional,clustering,-0.3158587182397758,-0.6327093040403915,0,0.0,0.013898820044295882,0.022108510238946888,0.012635283817224787,0.03493209698817372,0.9385307346326837
2018,proportional,output,-0.4645130244072132,0.5519001701644923,3,0.42857142857142855,0.037780218464098805,0.022108510238946888,0.012635283817224787,0.03493209698817372,0.008995502248875561
2018,proportional,incident_amount,,0.7191475569240743,3,0.42857142857142855,0.04190181615341136,0.022108510238946888,0.012635283817224787,0.03493209698817372,0.0024987506246876563
2018,proportional,topsis_without_cluster,0.7076756182974955,0.8372168587789296,3,0.42857142857142855,0.045822867290883904,0.022108510238946888,0.012635283817224787,0.03493209698817372,0.0004997501249375312
2018,proportional,equal_weights,0.6421851019806093,0.7656401970034602,4,0.6666666666666666,0.04909649937599518,0.022108510238946888,0.012635283817224787,0.03493209698817372,0.0004997501249375312
2018,proportional,strength,0.5907653554970129,0.8235151122275342,4,0.6666666666666666,0.04925784739266312,0.022108510238946888,0.012635283817224787,0.03493209698817372,0.0004997501249375312
2018,equal_amount,topsis,0.5400484877368793,-0.10202593226369142,0,0.0,0.00185069211722486,0.0025172174658314524,0.001229969711704089,0.0046894179101897495,0.7351324337831084
2018,equal_amount,degree,0.4263531402416784,-0.27566148043750904,0,0.0,0.0016974233722609603,0.0025172174658314524,0.001229969711704089,0.0046894179101897495,0.8140929535232384
2018,equal_amount,closeness,0.4718938769672012,-0.1983199314164212,0,0.0,0.00169742337226096,0.0025172174658314524,0.001229969711704089,0.0046894179101897495,0.8140929535232384
2018,equal_amount,betweenness,0.5496560842835714,-0.004300730591027575,0,0.0,0.0017530182629598601,0.0025172174658314524,0.001229969711704089,0.0046894179101897495,0.7851074462768616
2018,equal_amount,clustering,-0.35568065676158606,0.24029500275134627,2,0.25,0.0051308315427098005,0.0025172174658314524,0.001229969711704089,0.0046894179101897495,0.010494752623688156
2018,equal_amount,output,-0.5178299823828221,-0.7708451503119683,0,0.0,0.001146374263707,0.0025172174658314524,0.001229969711704089,0.0046894179101897495,0.9845077461269365
2018,equal_amount,incident_amount,,-0.6789563244469654,0,0.0,0.0013427863072771602,0.0025172174658314524,0.001229969711704089,0.0046894179101897495,0.9495252373813093
2018,equal_amount,topsis_without_cluster,0.5302479439558196,-0.13259310561106766,0,0.0,0.00185069211722486,0.0025172174658314524,0.001229969711704089,0.0046894179101897495,0.7351324337831084
2018,equal_amount,equal_weights,0.49919573099182235,-0.06183144266655802,0,0.0,0.0016974233722609603,0.0025172174658314524,0.001229969711704089,0.0046894179101897495,0.8140929535232384
2018,equal_amount,strength,0.5930753914326988,-0.29697755449315294,0,0.0,0.00165918717142326,0.0025172174658314524,0.001229969711704089,0.0046894179101897495,0.8295852073963018
2019,proportional,topsis,0.6348621055247238,0.8248116035977635,3,0.42857142857142855,0.04381298154260624,0.02224504394366544,0.012446932905814128,0.03505010482701878,0.0014992503748125937
2019,proportional,degree,0.28143921418057766,0.6592738990605437,4,0.6666666666666666,0.049085004529767204,0.02224504394366544,0.012446932905814128,0.03505010482701878,0.0004997501249375312
2019,proportional,closeness,0.6169169154418285,0.8213538452489998,4,0.6666666666666666,0.049085004529767204,0.02224504394366544,0.012446932905814128,0.03505010482701878,0.0004997501249375312
2019,proportional,betweenness,0.5600819635341205,0.7627121152105871,3,0.42857142857142855,0.04134716524982145,0.02224504394366544,0.012446932905814128,0.03505010482701878,0.0034982508745627187
2019,proportional,clustering,-0.0353675007401255,-0.5166126435115431,0,0.0,0.01324643304881202,0.02224504394366544,0.012446932905814128,0.03505010482701878,0.9600199900049975
2019,proportional,output,-0.4905204186077311,0.5522242930070497,2,0.25,0.036107545457321505,0.02224504394366544,0.012446932905814128,0.03505010482701878,0.01649175412293853
2019,proportional,incident_amount,,0.738108743213678,4,0.6666666666666666,0.04523510249267026,0.02224504394366544,0.012446932905814128,0.03505010482701878,0.0004997501249375312
2019,proportional,topsis_without_cluster,0.6372438988498373,0.8318949806269171,3,0.42857142857142855,0.04381298154260624,0.02224504394366544,0.012446932905814128,0.03505010482701878,0.0014992503748125937
2019,proportional,equal_weights,0.5830185517079253,0.762255894984199,4,0.6666666666666666,0.0490850045297672,0.02224504394366544,0.012446932905814128,0.03505010482701878,0.0004997501249375312
2019,proportional,strength,0.6127199366634983,0.8363179645085489,5,1.0,0.05172924096580502,0.02224504394366544,0.012446932905814128,0.03505010482701878,0.0004997501249375312
2019,equal_amount,topsis,0.5996170710429511,-0.1256786322016044,0,0.0,0.001808552393271,0.0025966113433792833,0.0012955904263963346,0.0047508881974901674,0.7746126936531734
2019,equal_amount,degree,0.32660410120683364,-0.2791673869912435,0,0.0,0.0017072658608288,0.0025966113433792833,0.0012955904263963346,0.0047508881974901674,0.8270864567716142
2019,equal_amount,closeness,0.5073622375220418,-0.1928445367598649,0,0.0,0.0017072658608288,0.0025966113433792833,0.0012955904263963346,0.0047508881974901674,0.8270864567716142
2019,equal_amount,betweenness,0.5422773513911738,-0.08831403439280483,0,0.0,0.00184836411529724,0.0025966113433792833,0.0012955904263963346,0.0047508881974901674,0.7556221889055472
2019,equal_amount,clustering,-0.15048721215584362,0.3466774727752755,2,0.25,0.004894485103031679,0.0025966113433792833,0.0012955904263963346,0.0047508881974901674,0.018490754622688656
2019,equal_amount,output,-0.5404373743752943,-0.7501012883882993,0,0.0,0.0011183661648643,0.0025966113433792833,0.0012955904263963346,0.0047508881974901674,0.9910044977511244
2019,equal_amount,incident_amount,,-0.6389271533911353,0,0.0,0.0014431736465875399,0.0025966113433792833,0.0012955904263963346,0.0047508881974901674,0.9390304847576212
2019,equal_amount,topsis_without_cluster,0.5868088641516446,-0.15485596220319878,0,0.0,0.001808552393271,0.0025966113433792833,0.0012955904263963346,0.0047508881974901674,0.7746126936531734
2019,equal_amount,equal_weights,0.5728868370057973,-0.04124463171542015,0,0.0,0.0017072658608288,0.0025966113433792833,0.0012955904263963346,0.0047508881974901674,0.8270864567716142
2019,equal_amount,strength,0.5708792216805301,-0.23409772303703105,0,0.0,0.00174234598659568,0.0025966113433792833,0.0012955904263963346,0.0047508881974901674,0.8100949525237381
2020,proportional,topsis,0.5936799828904804,0.8189773924317317,3,0.42857142857142855,0.04033909612876734,0.022305229752184966,0.012321672736035993,0.03601234161525493,0.005497251374312844
2020,proportional,degree,0.27618916565547036,0.6715144893223722,4,0.6666666666666666,0.04821255466106214,0.022305229752184966,0.012321672736035993,0.03601234161525493,0.0004997501249375312
2020,proportional,closeness,0.5736999338386345,0.8141064449905814,4,0.6666666666666666,0.04821255466106214,0.022305229752184966,0.012321672736035993,0.03601234161525493,0.0004997501249375312
2020,proportional,betweenness,0.5255039577865263,0.751978686548161,2,0.25,0.04034443119997382,0.022305229752184966,0.012321672736035993,0.03601234161525493,0.005497251374312844
2020,proportional,clustering,-0.1233301166555563,-0.5403346708377443,0,0.0,0.0135372013291815,0.022305229752184966,0.012321672736035993,0.03601234161525493,0.9495252373813093
2020,proportional,output,-0.5755690598865948,0.5614617940199336,2,0.25,0.037102002178458084,0.022305229752184966,0.012321672736035993,0.03601234161525493,0.017991004497751123
2020,proportional,incident_amount,,0.7473462442265619,4,0.6666666666666666,0.04538359071894666,0.022305229752184966,0.012321672736035993,0.03601234161525493,0.0014992503748125937
2020,proportional,topsis_without_cluster,0.5935170762720733,0.8281199378893269,3,0.42857142857142855,0.04033909612876734,0.022305229752184966,0.012321672736035993,0.03601234161525493,0.005497251374312844
2020,proportional,equal_weights,0.5592594559672031,0.7773276071631149,4,0.6666666666666666,0.04821255466106214,0.022305229752184966,0.012321672736035993,0.03601234161525493,0.0004997501249375312
2020,proportional,strength,0.6419591847808671,0.8536585365853658,5,1.0,0.05279007621504781,0.022305229752184966,0.012321672736035993,0.03601234161525493,0.0004997501249375312
2020,equal_amount,topsis,0.5719010852966543,-0.21432622964103396,0,0.0,0.0016936713544255199,0.0024664014725994336,0.0012233749816989836,0.004739596753736418,0.7886056971514243
2020,equal_amount,degree,0.41880296798708344,-0.27922917444246687,0,0.0,0.00155915690490134,0.0024664014725994336,0.0012233749816989836,0.004739596753736418,0.8585707146426786
2020,equal_amount,closeness,0.48703237489316187,-0.2701784822424131,0,0.0,0.00155915690490134,0.0024664014725994336,0.0012233749816989836,0.004739596753736418,0.8585707146426786
2020,equal_amount,betweenness,0.47495470078519847,-0.17105547331860618,0,0.0,0.00198417614993074,0.0024664014725994336,0.0012233749816989836,0.004739596753736418,0.632183908045977
2020,equal_amount,clustering,-0.2505047333844395,0.28613103220277075,2,0.25,0.00415371048276754,0.0024664014725994336,0.0012233749816989836,0.004739596753736418,0.05647176411794103
2020,equal_amount,output,-0.5544986491666248,-0.7740863787375416,0,0.0,0.00110449358081146,0.0024664014725994336,0.0012233749816989836,0.004739596753736418,0.9860069965017492
2020,equal_amount,incident_amount,,-0.6716635604894257,0,0.0,0.00137152045197238,0.0024664014725994336,0.0012233749816989836,0.004739596753736418,0.9310344827586207
2020,equal_amount,topsis_without_cluster,0.5437874144756496,-0.26466774803273724,0,0.0,0.0016936713544255199,0.0024664014725994336,0.0012233749816989836,0.004739596753736418,0.7886056971514243
2020,equal_amount,equal_weights,0.5294797736720551,-0.16068389919779597,0,0.0,0.00155915690490134,0.0024664014725994336,0.0012233749816989836,0.004739596753736418,0.8585707146426786
2020,equal_amount,strength,0.5993395634219839,-0.2699132971396159,0,0.0,0.0016420661442482598,0.0024664014725994336,0.0012233749816989836,0.004739596753736418,0.8110944527736131
2021,proportional,topsis,0.5046611283177,0.8005023904059639,3,0.42857142857142855,0.040080503155841087,0.022359670693538454,0.012312784948693497,0.03580132197137922,0.0079960019990005
2021,proportional,degree,0.15829926567634675,0.6648274781312338,4,0.6666666666666666,0.04864524817989448,0.022359670693538454,0.012312784948693497,0.03580132197137922,0.0004997501249375312
2021,proportional,closeness,0.49394422176053376,0.7993356362142047,4,0.6666666666666666,0.04864524817989448,0.022359670693538454,0.012312784948693497,0.03580132197137922,0.0004997501249375312
2021,proportional,betweenness,0.48773919118438913,0.7689381713316471,2,0.25,0.039029718095803155,0.022359670693538454,0.012312784948693497,0.03580132197137922,0.010994502748625687
2021,proportional,clustering,-0.10556489914722911,-0.6139135372325661,0,0.0,0.0117177775241326,0.022359670693538454,0.012312784948693497,0.03580132197137922,0.984007996001999
2021,proportional,output,-0.5325077963239592,0.5971153067012398,2,0.25,0.03971181603501926,0.022359670693538454,0.012312784948693497,0.03580132197137922,0.008995502248875561
2021,proportional,incident_amount,,0.7804067741674094,4,0.6666666666666666,0.04838250912731821,0.022359670693538454,0.012312784948693497,0.03580132197137922,0.0004997501249375312
2021,proportional,topsis_without_cluster,0.5230610951297423,0.8206312554849785,3,0.42857142857142855,0.040080503155841087,0.022359670693538454,0.012312784948693497,0.03580132197137922,0.0079960019990005
2021,proportional,equal_weights,0.44692807549091446,0.7350295762093834,4,0.6666666666666666,0.04864524817989448,0.022359670693538454,0.012312784948693497,0.03580132197137922,0.0004997501249375312
2021,proportional,strength,0.6318300986800823,0.8543067822704804,5,1.0,0.05354768638567085,0.022359670693538454,0.012312784948693497,0.03580132197137922,0.0004997501249375312
2021,equal_amount,topsis,0.5026785188962252,-0.24835912810955355,0,0.0,0.00175380418228752,0.0024465017651729665,0.001263848286017401,0.004501933987749083,0.7551224387806097
2021,equal_amount,degree,0.38686877069119824,-0.31068602368380804,0,0.0,0.0016229020913246,0.0024465017651729665,0.001263848286017401,0.004501933987749083,0.8325837081459271
2021,equal_amount,closeness,0.4845003561163137,-0.2656875736091288,0,0.0,0.0016229020913246,0.0024465017651729665,0.001263848286017401,0.004501933987749083,0.8325837081459271
2021,equal_amount,betweenness,0.4474575665724635,-0.21885038498115789,0,0.0,0.0017309619207576202,0.0024465017651729665,0.001263848286017401,0.004501933987749083,0.7666166916541729
2021,equal_amount,clustering,-0.2966377166701429,0.31619464391254926,2,0.25,0.00389372789740208,0.0024465017651729665,0.001263848286017401,0.004501933987749083,0.06296851574212893
2021,equal_amount,output,-0.6001353161479467,-0.7714933959970829,0,0.0,0.00115184633018586,0.0024465017651729665,0.001263848286017401,0.004501933987749083,0.9875062468765617
2021,equal_amount,incident_amount,,-0.6465440401912326,0,0.0,0.00146636296547754,0.0024465017651729665,0.001263848286017401,0.004501933987749083,0.9075462268865567
2021,equal_amount,topsis_without_cluster,0.5160578493814479,-0.28126899257315696,0,0.0,0.00175380418228752,0.0024465017651729665,0.001263848286017401,0.004501933987749083,0.7551224387806097
2021,equal_amount,equal_weights,0.4638849091103161,-0.17915890122356373,0,0.0,0.0016229020913246,0.0024465017651729665,0.001263848286017401,0.004501933987749083,0.8325837081459271
2021,equal_amount,strength,0.5855823369224014,-0.21805364233044325,0,0.0,0.00172162948329678,0.0024465017651729665,0.001263848286017401,0.004501933987749083,0.775112443778111
2022,proportional,topsis,0.48176089652924714,0.8089295843124545,2,0.25,0.037733254742153624,0.02239511138527331,0.012165067246209896,0.03608784885997883,0.017491254372813594
2022,proportional,degree,0.1449120567110521,0.667998436417206,4,0.6666666666666666,0.04841972020958128,0.02239511138527331,0.012165067246209896,0.03608784885997883,0.0004997501249375312
2022,proportional,closeness,0.5154070356463719,0.8135233046203576,4,0.6666666666666666,0.04841972020958128,0.02239511138527331,0.012165067246209896,0.03608784885997883,0.0004997501249375312
2022,proportional,betweenness,0.5161757573905983,0.8052103708446532,2,0.25,0.03959246378192214,0.02239511138527331,0.012165067246209896,0.03608784885997883,0.010494752623688156
2022,proportional,clustering,-0.10476686298072932,-0.6356011230558901,0,0.0,0.011572997557410678,0.02239511138527331,0.012165067246209896,0.03608784885997883,0.9835082458770614
2022,proportional,output,-0.5786870951462538,0.6084596061907463,2,0.25,0.0411664023420461,0.02239511138527331,0.012165067246209896,0.03608784885997883,0.005997001499250375
2022,proportional,incident_amount,,0.7914269508143587,4,0.6666666666666666,0.04981847867572774,0.02239511138527331,0.012165067246209896,0.03608784885997883,0.0004997501249375312
2022,proportional,topsis_without_cluster,0.5039232901975874,0.8228191733183048,3,0.42857142857142855,0.03900399611178208,0.02239511138527331,0.012165067246209896,0.03608784885997883,0.012993503248375811
2022,proportional,equal_weights,0.49553704512923696,0.7886719066526214,3,0.42857142857142855,0.04322225606040022,0.02239511138527331,0.012165067246209896,0.03608784885997883,0.0029985007496251873
2022,proportional,strength,0.6046631649124788,0.8450692812575966,5,1.0,0.053915454856691934,0.02239511138527331,0.012165067246209896,0.03608784885997883,0.0004997501249375312
2022,equal_amount,topsis,0.45150626767737445,-0.27898873673122115,0,0.0,0.0018984141241676598,0.0025306379643415928,0.0012932422941156656,0.004715322450095563,0.7076461769115442
2022,equal_amount,degree,0.3714105123412169,-0.2925338819655681,0,0.0,0.0017002550671155001,0.0025306379643415928,0.0012932422941156656,0.004715322450095563,0.8135932033983009
2022,equal_amount,closeness,0.508950359935866,-0.22904946279942623,0,0.0,0.0017002550671155001,0.0025306379643415928,0.0012932422941156656,0.004715322450095563,0.8135932033983009
2022,equal_amount,betweenness,0.4442851283236445,-0.23946143347400706,0,0.0,0.00182295012237698,0.0025306379643415928,0.0012932422941156656,0.004715322450095563,0.7426286856571714
2022,equal_amount,clustering,-0.3309311334176793,0.29101665598542664,2,0.25,0.0039304008257395,0.0025306379643415928,0.0012932422941156656,0.004715322450095563,0.08095952023988005
2022,equal_amount,output,-0.583756784010323,-0.7426464630094806,0,0.0,0.0012598717607555598,0.0025306379643415928,0.0012932422941156656,0.004715322450095563,0.9825087456271864
2022,equal_amount,incident_amount,,-0.6180212300461875,0,0.0,0.0015707284244614798,0.0025306379643415928,0.0012932422941156656,0.004715322450095563,0.879560219890055
2022,equal_amount,topsis_without_cluster,0.49352245035767056,-0.27665005492502387,0,0.0,0.00173140864548712,0.0025306379643415928,0.0012932422941156656,0.004715322450095563,0.7971014492753623
2022,equal_amount,equal_weights,0.46574022378847457,-0.20946438700267403,0,0.0,0.0017788570200040002,0.0025306379643415928,0.0012932422941156656,0.004715322450095563,0.7716141929035483
2022,equal_amount,strength,0.5594859257533231,-0.19471679766631556,0,0.0,0.0018292976615426602,0.0025306379643415928,0.0012932422941156656,0.004715322450095563,0.7396301849075462
2023,proportional,topsis,0.48192720852540316,0.8074710315209465,3,0.42857142857142855,0.04317701083736236,0.02247151353310805,0.012255912062866746,0.036698654397623445,0.0029985007496251873
2023,proportional,degree,0.13880676350110288,0.6853391617002428,4,0.6666666666666666,0.04869739591124329,0.02247151353310805,0.012255912062866746,0.036698654397623445,0.0004997501249375312
2023,proportional,closeness,0.5184501551666278,0.7989460450759861,4,0.6666666666666666,0.04869739591124328,0.02247151353310805,0.012255912062866746,0.036698654397623445,0.0004997501249375312
2023,proportional,betweenness,0.5136267152561854,0.7914155746092818,2,0.25,0.04115430223803322,0.02247151353310805,0.012255912062866746,0.036698654397623445,0.0069965017491254375
2023,proportional,clustering,-0.05081526528540149,-0.6079980556832026,0,0.0,0.01503839442790734,0.02247151353310805,0.012255912062866746,0.036698654397623445,0.8770614692653673
2023,proportional,output,-0.43902975354369966,0.6087837290333036,2,0.25,0.042227344647332396,0.02247151353310805,0.012255912062866746,0.036698654397623445,0.004497751124437781
2023,proportional,incident_amount,,0.7800826513248521,4,0.6666666666666666,0.05196529707745194,0.02247151353310805,0.012255912062866746,0.036698654397623445,0.0004997501249375312
2023,proportional,topsis_without_cluster,0.5194712834383988,0.8257839721254356,3,0.42857142857142855,0.043177010837362355,0.02247151353310805,0.012255912062866746,0.036698654397623445,0.0029985007496251873
2023,proportional,equal_weights,0.5394360531831054,0.8082813386273398,3,0.42857142857142855,0.04331906873741422,0.02247151353310805,0.012255912062866746,0.036698654397623445,0.0029985007496251873
2023,proportional,strength,0.5869267326839783,0.8415039299894661,5,1.0,0.05467513027409606,0.02247151353310805,0.012255912062866746,0.036698654397623445,0.0004997501249375312
2023,equal_amount,topsis,0.41162244587664765,-0.3284174702212139,0,0.0,0.0021176852905468,0.0026022117560015215,0.0013191974801187952,0.004898611431388021,0.6081959020489756
2023,equal_amount,degree,0.26547345195647704,-0.4014814517420827,0,0.0,0.0017280882245138001,0.0026022117560015215,0.0013191974801187952,0.004898611431388021,0.8035982008995503
2023,equal_amount,closeness,0.4885772499923452,-0.2290241635158375,0,0.0,0.0017280882245138001,0.0026022117560015215,0.0013191974801187952,0.004898611431388021,0.8035982008995503
2023,equal_amount,betweenness,0.42974171589334803,-0.2459531022906524,0,0.0,0.0019017514975663199,0.0026022117560015215,0.0013191974801187952,0.004898611431388021,0.7131434282858571
2023,equal_amount,clustering,-0.2155438664682516,0.3717839636778001,1,0.1111111111111111,0.00341125164614524,0.0026022117560015215,0.0013191974801187952,0.004898611431388021,0.19890054972513743
2023,equal_amount,output,-0.4845279979913854,-0.7342192691029901,0,0.0,0.00127658664516152,0.0026022117560015215,0.0013191974801187952,0.004898611431388021,0.9815092453773113
2023,equal_amount,incident_amount,,-0.6390892148124139,0,0.0,0.00161278049487786,0.0026022117560015215,0.0013191974801187952,0.004898611431388021,0.8645677161419291
2023,equal_amount,topsis_without_cluster,0.4635231327354549,-0.3203143991572806,0,0.0,0.0021176852905468004,0.0026022117560015215,0.0013191974801187952,0.004898611431388021,0.6081959020489756
2023,equal_amount,equal_weights,0.4401656613603237,-0.25532776922453615,0,0.0,0.00178321960931348,0.0026022117560015215,0.0013191974801187952,0.004898611431388021,0.7746126936531734
2023,equal_amount,strength,0.5161732802074545,-0.2618102260756827,0,0.0,0.0018702650621538,0.0026022117560015215,0.0013191974801187952,0.004898611431388021,0.7246376811594203
