year,threshold_factor,depth,mode,edges,density,mean_clustering,spearman,overlap5,jaccard5,selected_mean_loss,population_mean_loss,random_q025,random_q975,random_exceed_share,structural_top5,impact_top5
2009,0.0,0.25,proportional,1722,1.0,1.0,,0,0.0,0.01172286554356563,0.011242476525886093,0.006391669875807562,0.017977279056958704,0.4197901049475262,S01|S02|S03|S04|S05,S12|S14|S29|S32|S11
2009,0.0,0.25,equal_amount,1722,1.0,1.0,,0,0.0,0.0009289121865746708,0.0010659432618387971,0.0005065999723031995,0.00214613906077303,0.5477261369315343,S01|S02|S03|S04|S05,S23|S26|S25|S21|S37
2009,0.0,0.5,proportional,1722,1.0,1.0,,0,0.0,0.0227212507720189,0.02138381540328463,0.012985118076628534,0.03299563932539439,0.3708145927036482,S01|S02|S03|S04|S05,S14|S12|S29|S32|S11
2009,0.0,0.5,equal_amount,1722,1.0,1.0,,0,0.0,0.0018495186791364748,0.002144681022452191,0.0010137812258389372,0.004358335827731096,0.5557221389305347,S01|S02|S03|S04|S05,S23|S26|S25|S21|S37
2009,0.0,0.75,proportional,1722,1.0,1.0,,0,0.0,0.03493626806517025,0.0320057042987295,0.020456509117765156,0.04728654289868743,0.3193403298350825,S01|S02|S03|S04|S05,S14|S12|S29|S11|S32
2009,0.0,0.75,equal_amount,1722,1.0,1.0,,0,0.0,0.0027677994103546544,0.0032537526572882012,0.0015190090270647428,0.006830361266629024,0.5582208895552224,S01|S02|S03|S04|S05,S23|S26|S25|S21|S37
2009,0.5,0.25,proportional,608,0.3530778164924506,0.5063181399916356,0.6266104853739568,3,0.42857142857142855,0.020382225524428456,0.011268963190625451,0.00635986853579278,0.017988180971947303,0.0074962518740629685,S12|S32|S05|S25|S29,S12|S14|S29|S32|S11
2009,0.5,0.25,equal_amount,608,0.3530778164924506,0.5063181399916356,-0.08597358398833158,1,0.1111111111111111,0.001362118553260161,0.0010588322369012991,0.0005065525306186775,0.002203912269059826,0.20789605197401298,S12|S32|S05|S25|S29,S23|S25|S26|S21|S37
2009,0.5,0.5,proportional,608,0.3530778164924506,0.5063181399916356,0.6233692569483835,3,0.42857142857142855,0.036467713175488116,0.02152752607492539,0.012977610992893943,0.033206234239411395,0.010994502748625687,S12|S32|S05|S25|S29,S14|S12|S29|S32|S11
2009,0.5,0.5,equal_amount,608,0.3530778164924506,0.5063181399916356,-0.0945628393161008,1,0.1111111111111111,0.002734099532048373,0.002135760678273347,0.0010152868118087144,0.0045388078051502925,0.21239380309845077,S12|S32|S05|S25|S29,S23|S25|S26|S21|S37
2009,0.5,0.75,proportional,608,0.3530778164924506,0.5063181399916356,0.6014909650757637,3,0.42857142857142855,0.05024703526535477,0.032306967154775476,0.02057979888494833,0.04767454148986481,0.015492253873063468,S12|S32|S05|S25|S29,S14|S12|S29|S11|S32
2009,0.5,0.75,equal_amount,608,0.3530778164924506,0.5063181399916356,-0.09926262053318208,1,0.1111111111111111,0.004130194768800499,0.003258136933041574,0.0015253685778134484,0.007195976902383513,0.21389305347326337,S12|S32|S05|S25|S29,S23|S25|S26|S21|S37
2009,1.0,0.25,proportional,391,0.227061556329849,0.39707614556663257,0.8343732274532049,4,0.6666666666666666,0.02737109237820432,0.01129863108594257,0.005935786947654896,0.018410162157322673,0.0004997501249375312,S12|S32|S34|S29|S14,S12|S14|S29|S32|S11
2009,1.0,0.25,equal_amount,391,0.227061556329849,0.39707614556663257,-0.2749372011992545,0,0.0,0.0007162899210187978,0.0009988115419128627,0.0005013852916488027,0.0019807008730766133,0.750624687656172,S12|S32|S34|S29|S14,S23|S26|S21|S37|S22
2009,1.0,0.5,proportional,391,0.227061556329849,0.39707614556663257,0.8316181832914675,4,0.6666666666666666,0.049157709891175475,0.021586377647435002,0.011978266074697822,0.03381445572333937,0.0004997501249375312,S12|S32|S34|S29|S14,S14|S12|S29|S11|S32
2009,1.0,0.5,equal_amount,391,0.227061556329849,0.39707614556663257,-0.2814196580504011,0,0.0,0.0014296379321872444,0.002008336194789105,0.0010013817872705922,0.003996663015948942,0.7521239380309845,S12|S32|S34|S29|S14,S23|S26|S21|S37|S25
2009,1.0,0.75,proportional,391,0.227061556329849,0.39707614556663257,0.8251357264403208,4,0.6666666666666666,0.06805230554093092,0.032431193247315325,0.019219548099917324,0.048642226161181315,0.0004997501249375312,S12|S32|S34|S29|S14,S14|S12|S29|S11|S32
2009,1.0,0.75,equal_amount,391,0.227061556329849,0.39707614556663257,-0.2804472895227291,0,0.0,0.00213857945731899,0.0030484710909613228,0.001500605739830439,0.006240948429596749,0.7531234382808596,S12|S32|S34|S29|S14,S23|S26|S21|S37|S25
2009,2.0,0.25,proportional,222,0.1289198606271777,0.32629531325508376,0.904383761445588,3,0.42857142857142855,0.027512488834381555,0.011587843881747516,0.005612444160154094,0.01930974300892675,0.0004997501249375312,S32|S28|S29|S34|S12,S12|S29|S32|S14|S11
2009,2.0,0.25,equal_amount,222,0.1289198606271777,0.32629531325508376,-0.14431569564865085,0,0.0,0.0007809695520202498,0.0009779059475669124,0.0004798163864399019,0.001969642615721022,0.631184407796102,S32|S28|S29|S34|S12,S23|S26|S21|S37|S25
2009,2.0,0.5,proportional,222,0.1289198606271777,0.32629531325508376,0.9102179726116199,3,0.42857142857142855,0.050758216129389536,0.02274843017782749,0.011640730765534237,0.036437618676752076,0.0004997501249375312,S32|S28|S29|S34|S12,S32|S12|S29|S14|S11
2009,2.0,0.5,equal_amount,222,0.1289198606271777,0.32629531325508376,-0.14512600275504417,0,0.0,0.0015576929818761798,0.0019775652323894503,0.0009607519003687725,0.004003252986100313,0.6371814092953523,S32|S28|S29|S34|S12,S23|S26|S21|S37|S25
2009,2.0,0.75,proportional,222,0.1289198606271777,0.32629531325508376,0.9081111741349972,3,0.42857142857142855,0.07204699536124523,0.03491774067564742,0.018803922229873614,0.0537042442018477,0.0004997501249375312,S32|S28|S29|S34|S12,S14|S29|S32|S12|S11
2009,2.0,0.75,equal_amount,222,0.1289198606271777,0.32629531325508376,-0.1462604327039948,0,0.0,0.0023300307434415803,0.00301408291398673,0.001438143544631809,0.006247052477557218,0.6456771614192903,S32|S28|S29|S34|S12,S23|S26|S21|S37|S25
2015,0.0,0.25,proportional,1653,0.9599303135888502,0.9687682862450936,0.2650186209724604,1,0.1111111111111111,0.014999264369301702,0.011400758870785737,0.006519854049094582,0.018052182483290095,0.13493253373313344,S11|S12|S13|S15|S16,S12|S32|S14|S34|S28
2015,0.0,0.25,equal_amount,1653,0.9599303135888502,0.9687682862450936,-0.1051107688443405,0,0.0,0.0005290649136000969,0.0011398075774754516,0.0005393430426465679,0.0021371406630824263,0.9805097451274363,S11|S12|S13|S15|S16,S23|S26|S05|S03|S25
2015,0.0,0.5,proportional,1653,0.9599303135888502,0.9687682862450936,0.28046143535243456,1,0.1111111111111111,0.028739543636245847,0.02179790884225597,0.01319191496717483,0.033043574438858234,0.10144927536231885,S11|S12|S13|S15|S16,S12|S14|S32|S34|S28
2015,0.0,0.5,equal_amount,1653,0.9599303135888502,0.9687682862450936,-0.10702036417089644,0,0.0,0.0010596560202333683,0.0023064851584255514,0.0010763411382246795,0.004381448127169022,0.9800099950024987,S11|S12|S13|S15|S16,S23|S26|S05|S03|S25
2015,0.0,0.75,proportional,1653,0.9599303135888502,0.9687682862450936,0.2920020331955336,2,0.25,0.042273081884324104,0.03258526248900794,0.021097781541423607,0.04711723763996929,0.08545727136431784,S11|S12|S13|S15|S16,S14|S12|S32|S34|S11
2015,0.0,0.75,equal_amount,1653,0.9599303135888502,0.9687682862450936,-0.11092258070777164,0,0.0,0.00159101162356301,0.0035231057150859613,0.0016179893521174639,0.006913334751173582,0.9800099950024987,S11|S12|S13|S15|S16,S23|S26|S05|S03|S25
2015,0.5,0.25,proportional,574,0.3333333333333333,0.496394264199823,0.7309780406774168,3,0.42857142857142855,0.02317946871699623,0.011410649343648263,0.006388509262779733,0.018098391250070647,0.0009995002498750624,S29|S34|S12|S32|S10,S12|S32|S14|S34|S28
2015,0.5,0.25,equal_amount,574,0.3333333333333333,0.496394264199823,-0.23782513572644035,0,0.0,0.0007292615581079298,0.0011157212109859543,0.0005365521987047617,0.0020279428024309477,0.823088455772114,S29|S34|S12|S32|S10,S26|S23|S05|S03|S25
2015,0.5,0.5,proportional,574,0.3333333333333333,0.496394264199823,0.7283850579369582,3,0.42857142857142855,0.04101999308141768,0.021841965378641977,0.013062405060035063,0.033232807980233384,0.0009995002498750624,S29|S34|S12|S32|S10,S12|S14|S32|S34|S28
2015,0.5,0.5,equal_amount,574,0.3333333333333333,0.496394264199823,-0.23960781136050566,0,0.0,0.0014537740603078886,0.002256648149087072,0.0010736873374915712,0.004208079154808093,0.8235882058970515,S29|S34|S12|S32|S10,S26|S23|S05|S03|S25
2015,0.5,0.75,proportional,574,0.3333333333333333,0.496394264199823,0.7337330848391541,3,0.42857142857142855,0.05669069134542955,0.03271808768612564,0.020862511529817954,0.04752483444665657,0.0009995002498750624,S29|S34|S12|S32|S10,S14|S12|S32|S34|S11
2015,0.5,0.75,equal_amount,574,0.3333333333333333,0.496394264199823,-0.24803500526699618,0,0.0,0.0021747936309465254,0.003445609057697146,0.0016124441545084967,0.0065475865290746905,0.8270864567716142,S29|S34|S12|S32|S10,S23|S26|S05|S03|S25
2015,1.0,0.25,proportional,410,0.23809523809523808,0.42941618287339994,0.7821894498014748,3,0.42857142857142855,0.022382222039266476,0.011402942347494581,0.006236939368069602,0.018319356663548128,0.0014992503748125937,S34|S29|S32|S10|S28,S12|S14|S32|S34|S28
2015,1.0,0.25,equal_amount,410,0.23809523809523808,0.42941618287339994,-0.24771088242443887,0,0.0,0.0007457595063092403,0.001074235069574127,0.0005432082259522702,0.001877869475609288,0.7951024487756122,S34|S29|S32|S10|S28,S23|S26|S05|S03|S25
2015,1.0,0.5,proportional,410,0.23809523809523808,0.42941618287339994,0.7757069929503283,3,0.42857142857142855,0.039353875513176484,0.021845277734966077,0.012897560177146675,0.03345805534741482,0.0024987506246876563,S34|S29|S32|S10|S28,S12|S14|S32|S34|S28
2015,1.0,0.5,equal_amount,410,0.23809523809523808,0.42941618287339994,-0.25241066364152015,0,0.0,0.001486970558294387,0.002172833707054194,0.0010873075061264758,0.003872328770046031,0.7956021989005497,S34|S29|S32|S10|S28,S23|S26|S05|S03|S25
2015,1.0,0.75,proportional,410,0.23809523809523808,0.42941618287339994,0.7842962482780974,2,0.25,0.054425398689354546,0.03283546757854228,0.020479547425715658,0.04805221905311198,0.0029985007496251873,S34|S29|S32|S10|S28,S12|S14|S32|S34|S11
2015,1.0,0.75,equal_amount,410,0.23809523809523808,0.42941618287339994,-0.25419333927558546,0,0.0,0.0022252736112556627,0.003325788420666995,0.0016327599687696844,0.00613228499754966,0.7981009495252374,S34|S29|S32|S10|S28,S23|S26|S05|S03|S25
2015,2.0,0.25,proportional,248,0.1440185830429733,0.34114887464826094,0.9330686330119117,3,0.42857142857142855,0.0253171037524307,0.011518275592238511,0.005606989727319159,0.019143172612719275,0.0004997501249375312,S32|S29|S12|S19|S34,S12|S14|S34|S28|S32
2015,2.0,0.25,equal_amount,248,0.1440185830429733,0.34114887464826094,0.052102746941090676,0,0.0,0.0007594141869037951,0.001049153076386364,0.0004986934732833909,0.0019541945161726457,0.7311344327836082,S32|S29|S12|S19|S34,S23|S26|S03|S05|S35
2015,2.0,0.5,proportional,248,0.1440185830429733,0.34114887464826094,0.9248035005266996,2,0.25,0.04563093557515015,0.022270696359902375,0.011598288476841684,0.0354922029277059,0.0004997501249375312,S32|S29|S12|S19|S34,S12|S14|S34|S28|S11
2015,2.0,0.5,equal_amount,248,0.1440185830429733,0.34114887464826094,0.04562029008994409,0,0.0,0.0015112481009173172,0.002125471975113461,0.0009970229859420526,0.004050736368862441,0.7396301849075462,S32|S29|S12|S19|S34,S23|S26|S03|S05|S35
2015,2.0,0.75,proportional,248,0.1440185830429733,0.34114887464826094,0.9215622721011263,3,0.42857142857142855,0.06423328958425556,0.033854522054457256,0.018572025473769765,0.05172633664928971,0.0009995002498750624,S32|S29|S12|S19|S34,S14|S12|S11|S34|S32
2015,2.0,0.75,equal_amount,248,0.1440185830429733,0.34114887464826094,0.03589660481322421,0,0.0,0.002253407434331378,0.003256066156814447,0.001497150278524263,0.006457784165810432,0.7551224387806097,S32|S29|S12|S19|S34,S23|S26|S03|S05|S35
2020,0.0,0.25,proportional,1621,0.9413472706155633,0.9619963293887838,0.17882118166093788,2,0.25,0.017782771173030287,0.011427545117807615,0.006113686670433085,0.01900197004673886,0.044977511244377814,S11|S12|S13|S14|S15,S28|S34|S12|S14|S29
2020,0.0,0.25,equal_amount,1621,0.9413472706155633,0.9619963293887838,-0.12473174522586224,0,0.0,0.0007180538518837043,0.001257610475223616,0.0006181788447072029,0.0024913100836295807,0.9120439780109945,S11|S12|S13|S14|S15,S23|S26|S05|S25|S03
2020,0.0,0.5,proportional,1621,0.9413472706155633,0.9619963293887838,0.19069243355240736,2,0.25,0.033520030916893685,0.02204707474621847,0.012592983033779837,0.03589801300651822,0.04547726136931534,S11|S12|S13|S14|S15,S28|S34|S12|S14|S29
2020,0.0,0.5,equal_amount,1621,0.9413472706155633,0.9619963293887838,-0.11821091672209734,0,0.0,0.0014376442278910772,0.002555680772596293,0.0012370235778174244,0.005116150962494094,0.9120439780109945,S11|S12|S13|S14|S15,S23|S26|S05|S25|S03
2020,0.0,0.75,proportional,1621,0.9413472706155633,0.9619963293887838,0.1947052510931858,3,0.42857142857142855,0.0491778046840198,0.03307071502657148,0.02023874243484739,0.05059754135172361,0.034482758620689655,S11|S12|S13|S14|S15,S28|S34|S14|S12|S11
2020,0.0,0.75,equal_amount,1621,0.9413472706155633,0.9619963293887838,-0.11578650612454372,0,0.0,0.002159430465050449,0.0039021080732403496,0.00185106435926687,0.007942703378400142,0.9115442278860569,S11|S12|S13|S14|S15,S23|S26|S05|S25|S03
2020,0.5,0.25,proportional,535,0.31068524970963995,0.48307625701742324,0.7818653269589174,3,0.42857142857142855,0.024233085185889312,0.01143675018230562,0.006021702767211242,0.019129111865768725,0.0014992503748125937,S34|S29|S12|S24|S32,S28|S34|S12|S14|S29
2020,0.5,0.25,equal_amount,535,0.31068524970963995,0.48307625701742324,-0.25322097074791344,0,0.0,0.00086525758696403,0.0012396565525841124,0.000616926051658982,0.002450973505560648,0.768615692153923,S34|S29|S12|S24|S32,S23|S26|S05|S25|S03
2020,0.5,0.5,proportional,535,0.31068524970963995,0.48307625701742324,0.7645247548821003,3,0.42857142857142855,0.04345690704084972,0.02209130304098841,0.012398634906487025,0.036090482195089243,0.001999000499750125,S34|S29|S12|S24|S32,S28|S34|S12|S14|S29
2020,0.5,0.5,equal_amount,535,0.31068524970963995,0.48307625701742324,-0.25111417227129085,0,0.0,0.0017282924382030274,0.0025199248310765845,0.0012300476017096638,0.005146970812838696,0.7681159420289855,S34|S29|S12|S24|S32,S23|S26|S05|S25|S03
2020,0.5,0.75,proportional,535,0.31068524970963995,0.48307625701742324,0.7548010696053805,2,0.25,0.06085023732382573,0.03325503561212105,0.020051191954436724,0.0510824376252084,0.0014992503748125937,S34|S29|S12|S24|S32,S28|S34|S14|S12|S11
2020,0.5,0.75,equal_amount,535,0.31068524970963995,0.48307625701742324,-0.2595413661777814,0,0.0,0.002588678012282797,0.0038540775368232348,0.0018463968486910343,0.007978148086536366,0.7711144427786107,S34|S29|S12|S24|S32,S23|S26|S05|S25|S03
2020,1.0,0.25,proportional,389,0.2259001161440186,0.4124075306290736,0.8205980066445182,3,0.42857142857142855,0.022110739319405992,0.011469183800005545,0.005940150111249186,0.01909879339297295,0.004997501249375313,S34|S29|S10|S32|S12,S28|S34|S12|S14|S29
2020,1.0,0.25,equal_amount,389,0.2259001161440186,0.4124075306290736,-0.21335386111336196,0,0.0,0.0008465420754320441,0.0012137274309818116,0.0006117391848463649,0.00228248284998569,0.7881059470264867,S34|S29|S10|S32|S12,S23|S26|S05|S25|S03
2020,1.0,0.5,proportional,389,0.2259001161440186,0.4124075306290736,0.8189773924317317,3,0.42857142857142855,0.040339096128767404,0.022305229752185008,0.012321672736036049,0.036012341615254975,0.005497251374312844,S34|S29|S10|S32|S12,S28|S34|S12|S14|S29
2020,1.0,0.5,equal_amount,389,0.2259001161440186,0.4124075306290736,-0.21432622964103396,0,0.0,0.0016936713544255743,0.0024664014725994826,0.0012233749816990224,0.004739596753736461,0.7886056971514243,S34|S29|S10|S32|S12,S23|S26|S05|S25|S03
2020,1.0,0.75,proportional,389,0.2259001161440186,0.4124075306290736,0.8111984442103558,3,0.42857142857142855,0.05786980595244544,0.03377581601038383,0.02001963761506234,0.05145904536587197,0.0034982508745627187,S34|S29|S10|S32|S12,S28|S34|S14|S12|S29
2020,1.0,0.75,equal_amount,389,0.2259001161440186,0.4124075306290736,-0.21302973827080465,0,0.0,0.0025350529433713076,0.0037703654441047004,0.0018324078970908546,0.007352524142975035,0.7916041979010495,S34|S29|S10|S32|S12,S23|S26|S05|S25|S03
2020,2.0,0.25,proportional,242,0.140534262485482,0.3371031980464626,0.8672716959727736,4,0.6666666666666666,0.02976322009673473,0.011493300035298585,0.005578931662938868,0.019752929093742534,0.0004997501249375312,S29|S34|S12|S14|S28,S28|S12|S34|S14|S24
2020,2.0,0.25,equal_amount,242,0.140534262485482,0.3371031980464626,-0.010128838829916538,0,0.0,0.0008448445427067019,0.0011932722145079396,0.0005778054259749632,0.0023114213088327603,0.7411294352823589,S29|S34|S12|S14|S28,S23|S26|S05|S03|S37
2020,2.0,0.5,proportional,242,0.140534262485482,0.3371031980464626,0.8742403370877564,4,0.6666666666666666,0.054635282490689406,0.022387369427347818,0.011538484879515589,0.03741409150566726,0.0004997501249375312,S29|S34|S12|S14|S28,S28|S34|S12|S14|S11
2020,2.0,0.5,equal_amount,242,0.140534262485482,0.3371031980464626,-0.018231909893849773,0,0.0,0.0016889533779794296,0.0024250038983329473,0.0011562186620832,0.004781594741345613,0.7481259370314842,S29|S34|S12|S14|S28,S23|S26|S05|S03|S37
2020,2.0,0.75,proportional,242,0.140534262485482,0.3371031980464626,0.8745644599303136,4,0.6666666666666666,0.07694322420988424,0.03411022458039241,0.01840719296178333,0.05428544446992586,0.0004997501249375312,S29|S34|S12|S14|S28,S28|S34|S14|S12|S11
2020,2.0,0.75,equal_amount,242,0.140534262485482,0.3371031980464626,-0.019042217000243094,0,0.0,0.002529304694526635,0.003702536018304416,0.0017352164114646821,0.007461932715642919,0.7536231884057971,S29|S34|S12|S14|S28,S23|S26|S05|S03|S37
2023,0.0,0.25,proportional,1619,0.9401858304297329,0.9623232903086303,0.17616336368580648,2,0.25,0.018431305499308513,0.011424267209684176,0.006049336079411685,0.019445130496749057,0.043478260869565216,S11|S12|S13|S14|S15,S28|S34|S12|S14|S29
2023,0.0,0.25,equal_amount,1619,0.9401858304297329,0.9623232903086303,-0.15221286653131189,0,0.0,0.0007836080498148767,0.001328961971999033,0.0006663587455606724,0.0025467546379412463,0.9010494752623688,S11|S12|S13|S14|S15,S23|S26|S05|S25|S21
2023,0.0,0.5,proportional,1619,0.9401858304297329,0.9623232903086303,0.17756705582672924,2,0.25,0.03416708048949173,0.02222043661099031,0.012518295549675902,0.03613822506809122,0.046476761619190406,S11|S12|S13|S14|S15,S28|S34|S14|S12|S29
2023,0.0,0.5,equal_amount,1619,0.9401858304297329,0.9623232903086303,-0.15651167371288782,0,0.0,0.0015684026863665768,0.002680518069667303,0.0013368200856025804,0.005235469202453969,0.8980509745127436,S11|S12|S13|S14|S15,S23|S26|S25|S05|S21
2023,0.0,0.75,proportional,1619,0.9401858304297329,0.9623232903086303,0.1708995181573461,2,0.25,0.04936167326818273,0.033563248793986124,0.020372855595617682,0.051105227131194184,0.04097951024487756,S11|S12|S13|S14|S15,S28|S14|S34|S33|S12
2023,0.0,0.75,equal_amount,1619,0.9401858304297329,0.9623232903086303,-0.1610736731708868,0,0.0,0.002353783652596575,0.004085449167679318,0.0020054987194162567,0.008069420649178281,0.894552723638181,S11|S12|S13|S14|S15,S23|S26|S25|S21|S05
2023,0.5,0.25,proportional,532,0.3089430894308943,0.4763699898138109,0.7321124706263675,3,0.42857142857142855,0.02164635663487715,0.011450371849111962,0.005872829447943496,0.019577798438885317,0.009995002498750625,S34|S12|S10|S29|S24,S28|S34|S12|S14|S29
2023,0.5,0.25,equal_amount,532,0.3089430894308943,0.4763699898138109,-0.2449558382627016,0,0.0,0.0009630938430451597,0.0012944004925693818,0.0006653628178291371,0.0024271876607051615,0.7016491754122939,S34|S12|S10|S29|S24,S23|S26|S05|S25|S21
2023,0.5,0.5,proportional,532,0.3089430894308943,0.4763699898138109,0.7348675147881049,3,0.42857142857142855,0.03905571391008911,0.02232405894162382,0.012305020653360192,0.03637078708737028,0.014992503748125937,S34|S12|S10|S29|S24,S28|S34|S14|S12|S29
2023,0.5,0.5,equal_amount,532,0.3089430894308943,0.4763699898138109,-0.2438214083137509,0,0.0,0.001918641457442538,0.0026105084327728368,0.001331176941425377,0.004928100552483912,0.7061469265367316,S34|S12|S10|S29|S24,S23|S26|S25|S05|S21
2023,0.5,0.75,proportional,532,0.3089430894308943,0.4763699898138109,0.7348675147881049,2,0.25,0.05445362534473393,0.03377369882723881,0.02000735428463589,0.05176622572874986,0.013993003498250875,S34|S12|S10|S29|S24,S28|S14|S34|S33|S12
2023,0.5,0.75,equal_amount,532,0.3089430894308943,0.4763699898138109,-0.26051373470545336,0,0.0,0.00285433018788932,0.003980514926080314,0.001995340937739956,0.007607338371986914,0.7116441779110445,S34|S12|S10|S29|S24,S23|S26|S25|S21|S05
2023,1.0,0.25,proportional,364,0.21138211382113822,0.41361310148880764,0.7972611619803907,3,0.42857142857142855,0.023364938476521147,0.011480369840646461,0.005884265917872337,0.019587765712049635,0.0029985007496251873,S34|S10|S29|S33|S12,S28|S34|S12|S14|S29
2023,1.0,0.25,equal_amount,364,0.21138211382113822,0.41361310148880764,-0.3246900575318046,0,0.0,0.0010629112976759281,0.0012895419432079826,0.0006611004581796681,0.002412854150627717,0.6071964017991005,S34|S10|S29|S33|S12,S23|S26|S05|S25|S21
2023,1.0,0.5,proportional,364,0.21138211382113822,0.41361310148880764,0.8074710315209465,3,0.42857142857142855,0.0431770108373624,0.022471513533108098,0.012255912062866811,0.036698654397623494,0.0029985007496251873,S34|S10|S29|S33|S12,S28|S34|S14|S12|S29
2023,1.0,0.5,equal_amount,364,0.21138211382113822,0.41361310148880764,-0.3284174702212139,0,0.0,0.002117685290546856,0.002602211756001573,0.0013191974801188345,0.0048986114313880925,0.6081959020489756,S34|S10|S29|S33|S12,S23|S26|S25|S05|S21
2023,1.0,0.75,proportional,364,0.21138211382113822,0.41361310148880764,0.8149258568997652,3,0.42857142857142855,0.06177444491637938,0.034258451937311474,0.020052021867232966,0.052461496582704874,0.001999000499750125,S34|S10|S29|S33|S12,S28|S14|S33|S34|S12
2023,1.0,0.75,equal_amount,364,0.21138211382113822,0.41361310148880764,-0.3259865489020339,0,0.0,0.0031728582039511457,0.003970217565658944,0.001974771161420487,0.007588253369123053,0.6116941529235382,S34|S10|S29|S33|S12,S23|S26|S25|S05|S21
2023,2.0,0.25,proportional,223,0.1295005807200929,0.3332886263311013,0.8771119491823253,4,0.6666666666666666,0.0306729900908145,0.011559290297377157,0.005562953361645991,0.02026932348408912,0.0004997501249375312,S29|S34|S28|S12|S33,S28|S34|S12|S14|S29
2023,2.0,0.25,equal_amount,223,0.1295005807200929,0.3332886263311013,-0.16044730777725463,0,0.0,0.001130050641745184,0.0012437002335624375,0.0006343620228738878,0.0023548288227878463,0.49025487256371814,S29|S34|S28|S12|S33,S23|S26|S05|S21|S03
2023,2.0,0.5,proportional,223,0.1295005807200929,0.3332886263311013,0.8897532522193211,4,0.6666666666666666,0.05814453674824904,0.022914841867317532,0.011567276957599867,0.03894710715104176,0.0004997501249375312,S29|S34|S28|S12|S33,S28|S34|S14|S12|S29
2023,2.0,0.5,equal_amount,223,0.1295005807200929,0.3332886263311013,-0.16547141539452218,0,0.0,0.002245940645845579,0.00251391328571543,0.0012715188580047626,0.004801662393217222,0.504247876061969,S29|S34|S28|S12|S33,S23|S26|S05|S21|S03
2023,2.0,0.75,proportional,223,0.1295005807200929,0.3332886263311013,0.9089583087562956,4,0.6666666666666666,0.08368778061716367,0.0353464636103783,0.01903756513810067,0.05711551519585569,0.0004997501249375312,S29|S34|S28|S12|S33,S28|S34|S29|S14|S12
2023,2.0,0.75,equal_amount,223,0.1295005807200929,0.3332886263311013,-0.17568169861671115,0,0.0,0.0033556674625126346,0.003837026341345349,0.0019113629704319162,0.007420524009216192,0.5147426286856571,S29|S34|S28|S12|S33,S23|S26|S05|S21|S03
