year,mode,spearman,overlap5,jaccard5,selected_mean_loss,population_mean_loss,random_q025,random_q975,random_exceed_share
2009,proportional,0.8316181832914675,4,0.6666666666666666,0.049157709891175475,0.021586377647435002,0.011978266074697822,0.03381445572333937,0.0004997501249375312
2009,equal_amount,-0.2814196580504011,0,0.0,0.0014296379321872444,0.002008336194789105,0.0010013817872705922,0.003996663015948942,0.7521239380309845
2010,proportional,0.8282148934446155,3,0.42857142857142855,0.0452242980297078,0.0215670533213283,0.01194493698700753,0.033940097008037656,0.0004997501249375312
2010,equal_amount,-0.26813062150555056,0,0.0,0.0015228852772972922,0.0019969452415958744,0.0009974293545884816,0.003940620927326821,0.6811594202898551
2011,proportional,0.8387488858277288,3,0.42857142857142855,0.045733503842614806,0.022004801211760454,0.01229004049474923,0.034463868485442056,0.0004997501249375312
2011,equal_amount,-0.2992464143910542,0,0.0,0.0014923902910593868,0.002025677505455427,0.0010111138138339348,0.003900507170921806,0.7376311844077961
2012,proportional,0.8379385787213354,3,0.42857142857142855,0.04278295116617785,0.0220089142433799,0.01256353133311832,0.034116845535064756,0.0004997501249375312
2012,equal_amount,-0.23247710882424444,0,0.0,0.0015354243924217137,0.002072449165568062,0.0009771779484896192,0.0040689554962872795,0.688655672163918
2013,proportional,0.794181994976096,4,0.6666666666666666,0.04883053259540948,0.021900312877152096,0.012122338756560784,0.03419657169285706,0.0004997501249375312
2013,equal_amount,-0.21853982659427923,0,0.0,0.0015239240204316217,0.0021535100487355833,0.0010484777172946507,0.004121510731958175,0.7391304347826086
2014,proportional,0.7881857223887855,4,0.6666666666666666,0.04783131296201095,0.021809675470137235,0.01220198300911002,0.03365482724592951,0.0004997501249375312
2014,equal_amount,-0.1874240337087756,0,0.0,0.0015560263741253078,0.0022192523583176396,0.0011017802475428668,0.004073339341573297,0.7796101949025487
2015,proportional,0.7757069929503283,3,0.42857142857142855,0.039353875513176484,0.021845277734966077,0.012897560177146675,0.03345805534741482,0.0024987506246876563
2015,equal_amount,-0.25241066364152015,0,0.0,0.001486970558294387,0.002172833707054194,0.0010873075061264758,0.003872328770046031,0.7956021989005497
2016,proportional,0.8176809010615024,2,0.25,0.0420587089397582,0.02205524634373958,0.012555290246483254,0.033925464842930915,0.0014992503748125937
2016,equal_amount,-0.14480187991248686,0,0.0,0.0017278725594896515,0.002399769480400723,0.0012033570269917176,0.004321791944534554,0.7681159420289855
2017,proportional,0.8547929665343166,3,0.42857142857142855,0.04504316214348418,0.022180173493421027,0.012101285406954125,0.03556032733883719,0.0009995002498750624
2017,equal_amount,-0.08338060124787294,0,0.0,0.0016037172900369213,0.00226584613339793,0.001101165030718717,0.0043192868230123495,0.7471264367816092
2018,proportional,0.8260940059539876,3,0.42857142857142855,0.04582286729088396,0.022108510238946937,0.012635283817224825,0.03493209698817377,0.0004997501249375312
2018,equal_amount,-0.10202593226369142,0,0.0,0.001850692117224928,0.002517217465831511,0.0012299697117041635,0.004689417910189795,0.7351324337831084
2019,proportional,0.8248116035977635,3,0.42857142857142855,0.04381298154260629,0.022245043943665485,0.012446932905814166,0.035050104827018834,0.0014992503748125937
2019,equal_amount,-0.1256786322016044,0,0.0,0.0018085523932710678,0.002596611343379349,0.0012955904263964014,0.00475088819749024,0.7746126936531734
2020,proportional,0.8189773924317317,3,0.42857142857142855,0.040339096128767404,0.022305229752185008,0.012321672736036049,0.036012341615254975,0.005497251374312844
2020,equal_amount,-0.21432622964103396,0,0.0,0.0016936713544255743,0.0024664014725994826,0.0012233749816990224,0.004739596753736461,0.7886056971514243
2021,proportional,0.8005023904059639,3,0.42857142857142855,0.04008050315584111,0.022359670693538496,0.012312784948693563,0.03580132197137925,0.0079960019990005
2021,equal_amount,-0.24835912810955355,0,0.0,0.0017538041822875439,0.0024465017651730072,0.0012638482860174438,0.004501933987749124,0.7551224387806097
2022,proportional,0.8089295843124545,2,0.25,0.03773325474215368,0.022395111385273354,0.012165067246209938,0.03608784885997887,0.017491254372813594
2022,equal_amount,-0.27898873673122115,0,0.0,0.001898414124167691,0.0025306379643416275,0.0012932422941156934,0.004715322450095587,0.7076461769115442
2023,proportional,0.8074710315209465,3,0.42857142857142855,0.0431770108373624,0.022471513533108098,0.012255912062866811,0.036698654397623494,0.0029985007496251873
2023,equal_amount,-0.3284174702212139,0,0.0,0.002117685290546856,0.002602211756001573,0.0013191974801188345,0.0048986114313880925,0.6081959020489756
