year,threshold_factor,score_spread,cutoff_tie_count,identified
2009,0.0,0.0,42,False
2009,0.5,0.6896481855586891,1,True
2009,1.0,0.7624217355938209,1,True
2009,2.0,0.781865761785795,1,True
2010,0.0,0.5422554645706434,1,True
2010,0.5,0.6800267121065984,1,True
2010,1.0,0.7278124712204839,1,True
2010,2.0,0.8152554610789751,1,True
2011,0.0,0.0,42,False
2011,0.5,0.7356835875125564,1,True
2011,1.0,0.7905658878907422,1,True
2011,2.0,0.8293371932918516,1,True
2012,0.0,0.33665466682477846,11,True
2012,0.5,0.7397117856212304,1,True
2012,1.0,0.731282108869785,1,True
2012,2.0,0.8018724376003658,1,True
2013,0.0,0.0,42,False
2013,0.5,0.7584128846146756,1,True
2013,1.0,0.7475001452099777,1,True
2013,2.0,0.794552124930729,1,True
2014,0.0,0.0,42,False
2014,0.5,0.7175094867686309,1,True
2014,1.0,0.7577446711663696,1,True
2014,2.0,0.786278861690359,1,True
2015,0.0,0.3430011865256209,9,True
2015,0.5,0.6942796189154926,1,True
2015,1.0,0.7276571420963573,1,True
2015,2.0,0.9424513175240962,1,True
2016,0.0,0.0,42,False
2016,0.5,0.7219896619793051,1,True
2016,1.0,0.7971036702612947,1,True
2016,2.0,0.7825995490927167,1,True
2017,0.0,0.6845925167897825,5,True
2017,0.5,0.6963341968523471,1,True
2017,1.0,0.8359784855747994,1,True
2017,2.0,0.9100565685635557,1,True
2018,0.0,0.6990899575588005,5,True
2018,0.5,0.749924861296481,1,True
2018,1.0,0.7729257081371222,1,True
2018,2.0,0.901850878936399,1,True
2019,0.0,0.0,42,False
2019,0.5,0.7306566285862,1,True
2019,1.0,0.8255174957546916,1,True
2019,2.0,0.8255121650444187,1,True
2020,0.0,0.6984154870575341,5,True
2020,0.5,0.7082041651982043,1,True
2020,1.0,0.8133983331551992,1,True
2020,2.0,0.7841773360261737,1,True
2021,0.0,0.0,42,False
2021,0.5,0.7498384173786262,1,True
2021,1.0,0.8107006273210267,1,True
2021,2.0,0.8246971189028371,1,True
2022,0.0,0.0,42,False
2022,0.5,0.696884364947761,1,True
2022,1.0,0.7657766581484347,1,True
2022,2.0,0.7964970734013332,1,True
2023,0.0,0.7604220503383718,5,True
2023,0.5,0.6484162381021097,1,True
2023,1.0,0.7411092876391563,1,True
2023,2.0,0.8126031917779754,1,True
