year,nodes,edges,density,average_total_degree,path_reachable,clustering,reachable_share,efficiency,resilience_mean,resilience_min,terminal_activity_mean,low_activity_fraction,terminal_max_derivative,nfev
2009,42,500,0.29036004645760743,23.80952380952381,1.7645631067961165,0.5541474569197072,0.7177700348432056,0.4842721641502129,0.9580074139812463,0.5143495085266686,4.023561460352681,0.023809523809523808,1.180958425676779,398
2010,42,494,0.2868757259001161,23.523809523809526,1.7660283097418819,0.5451447910953989,0.6974448315911731,0.47198025551684103,0.9470163472766527,0.2757024081552545,3.9420896577995186,0.023809523809523808,1.1755865860090764,386
2011,42,488,0.28339140534262486,23.238095238095237,1.7585917854149204,0.544122708313398,0.6927990708478513,0.4689314750290361,0.923952066142693,0.1818613841737849,3.995712456878395,0.03311011904761905,1.170103578799614,362
2012,42,493,0.2862950058072009,23.476190476190474,1.7141659681475272,0.5544175834504496,0.6927990708478513,0.47493224932249334,0.8935518622069936,0.07593539181464659,4.015969086370106,0.035342261904761904,1.1411788652392483,362
2013,42,502,0.29152148664343785,23.904761904761905,1.7173913043478262,0.5636944841922459,0.6945412311265969,0.4773035230352304,0.9034436426990399,0.11347290137832312,4.272965973148441,0.022321428571428572,0.9003645442124868,350
2014,42,510,0.2961672473867596,24.285714285714285,1.6730769230769231,0.5606978663504723,0.6945412311265969,0.48388501742160284,0.9308589053866925,0.05186942899020407,4.430469907216255,0.015625,0.9350096994660851,374
2015,42,527,0.3060394889663182,25.095238095238095,1.7452615617892342,0.5654154316230547,0.7659698025551684,0.5184862562911344,0.9577706761568392,0.0480838629976715,4.597558579760236,0.011160714285714286,0.9758330227928212,362
2016,42,479,0.2781649245063879,22.80952380952381,1.732065687121867,0.5349428516563374,0.6718931475029036,0.45920441347270613,0.977100402373611,0.0911417237410813,4.514595486954268,0.0003720238095238095,0.5445340395809635,314
2017,42,420,0.24390243902439024,20.0,1.8856152512998268,0.5111909941753051,0.670150987224158,0.43150406504065053,0.9998732030303772,0.9974632904231737,4.442490925951655,0.0,0.0140145312506008,266
2018,42,414,0.24041811846689895,19.714285714285715,1.895397489539749,0.5028337014447322,0.6939605110336817,0.441453735965931,0.9999911181305352,0.9998707033890135,4.439223458283739,0.0,0.0008822058129873897,254
2019,42,410,0.23809523809523808,19.523809523809526,1.9133448873483536,0.4799627745872376,0.670150987224158,0.4269454123112659,0.999997840074197,0.9999656050958861,4.4193264782216755,0.0,0.0002042162800703802,266
2020,42,425,0.24680603948896632,20.238095238095237,1.894736842105263,0.4824331558275106,0.6951219512195121,0.4443379790940766,0.9999986142098054,0.9999834022036085,4.46953773755087,0.0,0.00010344128667077318,278
2021,42,424,0.2462253193960511,20.19047619047619,2.0031397174254315,0.4789206391265952,0.7398373983739838,0.45561362756484713,0.9999993197355087,0.9999921884071332,4.488495493358005,0.0,4.2467599112083754e-05,278
2022,42,426,0.24738675958188153,20.285714285714285,2.002284843869002,0.4756479559221995,0.7624854819976771,0.46727642276422765,0.999999478167248,0.9999937409364015,4.500538036099104,0.0,3.1300498078978833e-05,302
2023,42,413,0.23983739837398374,19.666666666666668,2.00532319391635,0.48178486138712706,0.7636469221835076,0.46509872241579553,0.9999996022992922,0.9999951302795528,4.486652611722347,0.0,2.1717844946228526e-05,290
