code,tolerance,failed_count,secondary_failed_count,failed_codes,rounds,dropped_load,nodes,edges,density,average_total_degree,path_reachable,clustering,reachable_share,efficiency,survivor_resilience_mean,fixed_universe_resilience
S34,0.0,42,41,S01;S02;S03;S04;S05;S06;S07;S08;S09;S10;S11;S12;S13;S14;S15;S16;S17;S18;S19;S20;S21;S22;S23;S24;S25;S26;S27;S28;S29;S30;S31;S32;S33;S34;S35;S36;S37;S38;S39;S40;S41;S42,3,825.9999999999998,0,0,0.0,0.0,,0.0,0.0,0.0,,
S29,0.0,42,41,S01;S02;S03;S04;S05;S06;S07;S08;S09;S10;S11;S12;S13;S14;S15;S16;S17;S18;S19;S20;S21;S22;S23;S24;S25;S26;S27;S28;S29;S30;S31;S32;S33;S34;S35;S36;S37;S38;S39;S40;S41;S42,3,826.0,0,0,0.0,0.0,,0.0,0.0,0.0,,
S24,0.0,42,41,S01;S02;S03;S04;S05;S06;S07;S08;S09;S10;S11;S12;S13;S14;S15;S16;S17;S18;S19;S20;S21;S22;S23;S24;S25;S26;S27;S28;S29;S30;S31;S32;S33;S34;S35;S36;S37;S38;S39;S40;S41;S42,3,826.0,0,0,0.0,0.0,,0.0,0.0,0.0,,
S34,0.05,42,41,S01;S02;S03;S04;S05;S06;S07;S08;S09;S10;S11;S12;S13;S14;S15;S16;S17;S18;S19;S20;S21;S22;S23;S24;S25;S26;S27;S28;S29;S30;S31;S32;S33;S34;S35;S36;S37;S38;S39;S40;S41;S42,3,825.9999999999998,0,0,0.0,0.0,,0.0,0.0,0.0,,
S29,0.05,42,41,S01;S02;S03;S04;S05;S06;S07;S08;S09;S10;S11;S12;S13;S14;S15;S16;S17;S18;S19;S20;S21;S22;S23;S24;S25;S26;S27;S28;S29;S30;S31;S32;S33;S34;S35;S36;S37;S38;S39;S40;S41;S42,3,826.0000000000001,0,0,0.0,0.0,,0.0,0.0,0.0,,
S24,0.05,42,41,S01;S02;S03;S04;S05;S06;S07;S08;S09;S10;S11;S12;S13;S14;S15;S16;S17;S18;S19;S20;S21;S22;S23;S24;S25;S26;S27;S28;S29;S30;S31;S32;S33;S34;S35;S36;S37;S38;S39;S40;S41;S42,3,825.9999999999999,0,0,0.0,0.0,,0.0,0.0,0.0,,
S34,0.1,1,0,S34,1,0.0,41,361,0.2201219512195122,17.609756097560975,2.1753821399839097,0.4402813322464301,0.7579268292682927,0.4184765776229192,0.9999991447252203,0.9761896412793818
S29,0.1,1,0,S29,1,0.0,41,364,0.22195121951219512,17.75609756097561,2.0406639004149376,0.4553576345820344,0.7347560975609756,0.4195605884630276,0.9999995366814954,0.9761900239033646
S24,0.1,1,0,S24,1,0.0,41,374,0.2280487804878049,18.24390243902439,2.0407315045719034,0.48345625423728644,0.7335365853658536,0.420915602013163,0.9999995490667286,0.9761900359937113
S34,0.2,1,0,S34,1,0.0,41,361,0.2201219512195122,17.609756097560975,2.1753821399839097,0.4402813322464301,0.7579268292682927,0.4184765776229192,,
S29,0.2,1,0,S29,1,0.0,41,364,0.22195121951219512,17.75609756097561,2.0406639004149376,0.4553576345820344,0.7347560975609756,0.4195605884630276,,
S24,0.2,1,0,S24,1,0.0,41,374,0.2280487804878049,18.24390243902439,2.0407315045719034,0.48345625423728644,0.7335365853658536,0.420915602013163,,
S34,0.5,1,0,S34,1,0.0,41,361,0.2201219512195122,17.609756097560975,2.1753821399839097,0.4402813322464301,0.7579268292682927,0.4184765776229192,,
S29,0.5,1,0,S29,1,0.0,41,364,0.22195121951219512,17.75609756097561,2.0406639004149376,0.4553576345820344,0.7347560975609756,0.4195605884630276,,
S24,0.5,1,0,S24,1,0.0,41,374,0.2280487804878049,18.24390243902439,2.0407315045719034,0.48345625423728644,0.7335365853658536,0.420915602013163,,
S34,1.0,1,0,S34,1,0.0,41,361,0.2201219512195122,17.609756097560975,2.1753821399839097,0.4402813322464301,0.7579268292682927,0.4184765776229192,,
S29,1.0,1,0,S29,1,0.0,41,364,0.22195121951219512,17.75609756097561,2.0406639004149376,0.4553576345820344,0.7347560975609756,0.4195605884630276,,
S24,1.0,1,0,S24,1,0.0,41,374,0.2280487804878049,18.24390243902439,2.0407315045719034,0.48345625423728644,0.7335365853658536,0.420915602013163,,
