year,metric,weight
2009,degree,0.17722110172984543
2009,closeness,0.18243574552694827
2009,betweenness,0.5460701704795882
2009,clustering,0.09427298226361819
2010,degree,0.15769742062689462
2010,closeness,0.19115368108168593
2010,betweenness,0.5617888763612661
2010,clustering,0.08936002193015335
2011,degree,0.1650314895655901
2011,closeness,0.20246100758078098
2011,betweenness,0.5495213811468423
2011,clustering,0.08298612170678658
2012,degree,0.1390038005062466
2012,closeness,0.21236030434468353
2012,betweenness,0.5514982151320429
2012,clustering,0.0971376800170269
2013,degree,0.1406304866548835
2013,closeness,0.21097610244205883
2013,betweenness,0.5591694813962549
2013,clustering,0.08922392950680273
2014,degree,0.14363662434536142
2014,closeness,0.220169652871682
2014,betweenness,0.5435261874836899
2014,clustering,0.09266753529926669
2015,degree,0.1449357332478031
2015,closeness,0.1798558233677221
2015,betweenness,0.5745763008765815
2015,clustering,0.1006321425078933
2016,degree,0.1567659202133798
2016,closeness,0.22756553901953605
2016,betweenness,0.528154908529904
2016,clustering,0.08751363223718014
2017,degree,0.2012681116393127
2017,closeness,0.21129776249613347
2017,betweenness,0.5142600155984156
2017,clustering,0.07317411026613815
2018,degree,0.18503251375975827
2018,closeness,0.20850555725405753
2018,betweenness,0.5286109065838289
2018,clustering,0.07785102240235531
2019,degree,0.15104424071472194
2019,closeness,0.22262569233917476
2019,betweenness,0.5476525340167836
2019,clustering,0.0786775329293197
2020,degree,0.1967917902204076
2020,closeness,0.1948581852713372
2020,betweenness,0.5330682907586074
2020,clustering,0.07528173374964782
2021,degree,0.18043697210196413
2021,closeness,0.18715788686790305
2021,betweenness,0.5455261485431254
2021,clustering,0.08687899248700741
2022,degree,0.18404163763981812
2022,closeness,0.17792376421300654
2022,betweenness,0.547213154831117
2022,clustering,0.09082144331605836
2023,degree,0.20772537248794865
2023,closeness,0.17589250362503678
2023,betweenness,0.5230430507319271
2023,clustering,0.09333907315508744
