year,scenario,mean_resilience,low_activity_fraction
2009,terminal_T5,0.8789946904392606,0.0238095238095238
2009,terminal_T10,0.9580074139812464,0.0238095238095238
2009,terminal_T20,0.9920229807412474,0.0238095238095238
2010,terminal_T5,0.8711464802303018,0.0171130952380952
2010,terminal_T10,0.9470163472766528,0.0238095238095238
2010,terminal_T20,0.9790210459320708,0.0476190476190476
2011,terminal_T5,0.8522901592801714,0.009672619047619
2011,terminal_T10,0.923952066142693,0.033110119047619
2011,terminal_T20,0.9574527017754362,0.0476190476190476
2012,terminal_T5,0.8508701216153763,0.0093005952380952
2012,terminal_T10,0.8935518622069936,0.0353422619047619
2012,terminal_T20,0.9322244855632956,0.0420386904761904
2013,terminal_T5,0.858448759990263,0.0014880952380952
2013,terminal_T10,0.90344364269904,0.0223214285714285
2013,terminal_T20,0.9349390257050656,0.0275297619047619
2014,terminal_T5,0.889122566426647,0.0
2014,terminal_T10,0.9308589053866924,0.015625
2014,terminal_T20,0.9365837289428282,0.0178571428571428
2015,terminal_T5,0.9082500954014708,0.0
2015,terminal_T10,0.9577706761568392,0.0111607142857142
2015,terminal_T20,0.9772755196699936,0.0137648809523809
2016,terminal_T5,0.9436968562334652,0.0
2016,terminal_T10,0.977100402373611,0.0003720238095238
2016,terminal_T20,0.9775902707033138,0.0029761904761904
2017,terminal_T5,0.9721371581601216,0.0
2017,terminal_T10,0.9998732030303772,0.0
2017,terminal_T20,0.9999999981975888,0.0
2018,terminal_T5,0.9950860281422912,0.0
2018,terminal_T10,0.9999911181305352,0.0
2018,terminal_T20,0.9999999947718236,0.0
2019,terminal_T5,0.9985439828279018,0.0
2019,terminal_T10,0.999997840074197,0.0
2019,terminal_T20,0.9999999939149604,0.0
2020,terminal_T5,0.9989381939044908,0.0
2020,terminal_T10,0.9999986142098054,0.0
2020,terminal_T20,0.999999999968808,0.0
2021,terminal_T5,0.999525921114471,0.0
2021,terminal_T10,0.9999993197355088,0.0
2021,terminal_T20,0.9999999774337246,0.0
2022,terminal_T5,0.9996393093792,0.0
2022,terminal_T10,0.999999478167248,0.0
2022,terminal_T20,0.9999999940490272,0.0
2023,terminal_T5,0.9997115630971852,0.0
2023,terminal_T10,0.9999996022992922,0.0
2023,terminal_T20,0.9999999977849454,0.0
2009,amplitude_01,0.9774731788317774,0.0238095238095238
2010,amplitude_01,0.9734544977377648,0.0238095238095238
2011,amplitude_01,0.960257390033726,0.0305059523809523
2012,amplitude_01,0.9242090623778038,0.0345982142857142
2013,amplitude_01,0.9388217158670508,0.0238095238095238
2014,amplitude_01,0.9533665379253256,0.0219494047619047
2015,amplitude_01,0.9758049975084548,0.0137648809523809
2016,amplitude_01,0.999009088132596,0.0
2017,amplitude_01,0.9999810436323028,0.0
2018,amplitude_01,0.9999972566059244,0.0
2019,amplitude_01,0.9999991606000362,0.0
2020,amplitude_01,0.9999994632222948,0.0
2021,amplitude_01,0.9999997188089212,0.0
2022,amplitude_01,0.9999997805055652,0.0
2023,amplitude_01,0.9999998283765396,0.0
2009,amplitude_03,0.9399344250455204,0.0238095238095238
2010,amplitude_03,0.9232257945738814,0.0238095238095238
2011,amplitude_03,0.8887739260126715,0.0338541666666666
2012,amplitude_03,0.864064822092776,0.0353422619047619
2013,amplitude_03,0.8878826022555686,0.017485119047619
2014,amplitude_03,0.8980110865177676,0.0137648809523809
2015,amplitude_03,0.9069121670581244,0.0111607142857142
2016,amplitude_03,0.9506365284013136,0.0033482142857142
2017,amplitude_03,0.9857716049927128,0.0
2018,amplitude_03,0.9999544881490998,0.0
2019,amplitude_03,0.9999945440445644,0.0
2020,amplitude_03,0.9999964897803056,0.0
2021,amplitude_03,0.9999985080921076,0.0
2022,amplitude_03,0.9999988942849,0.0
2023,amplitude_03,0.999999178063803,0.0
2009,literal_denominator,0.9741106905376022,0.0241815476190476
2010,literal_denominator,0.9459947289396884,0.0353422619047619
2011,literal_denominator,0.9129217672774612,0.0334821428571428
2012,literal_denominator,0.901003685043537,0.033110119047619
2013,literal_denominator,0.9157967095375312,0.0200892857142857
2014,literal_denominator,0.948898807012476,0.0137648809523809
2015,literal_denominator,0.9770499451964484,0.0100446428571428
2016,literal_denominator,0.980294905149105,0.0
2017,literal_denominator,0.999985199018869,0.0
2018,literal_denominator,0.9999982005592614,0.0
2019,literal_denominator,0.9999995283030744,0.0
2020,literal_denominator,0.9999997959022608,0.0
2021,literal_denominator,0.9999998402221296,0.0
2022,literal_denominator,0.9999998724418152,0.0
2023,literal_denominator,0.9999998665930322,0.0
2009,neutral_d_e_h,0.9450871521482757,0.0290178571428571
2010,neutral_d_e_h,0.96540068887026,0.0264136904761904
2011,neutral_d_e_h,0.9608735431210966,0.0241815476190476
2012,neutral_d_e_h,0.9520738873813808,0.0219494047619047
2013,neutral_d_e_h,0.955394399970279,0.0029761904761904
2014,neutral_d_e_h,0.9620147072685604,0.0
2015,neutral_d_e_h,0.9974515832264425,0.0
2016,neutral_d_e_h,0.9999983016996664,0.0
2017,neutral_d_e_h,0.9999995978238064,0.0
2018,neutral_d_e_h,0.9999997997496785,0.0
2019,neutral_d_e_h,0.9999999018715792,0.0
2020,neutral_d_e_h,0.9999999440060628,0.0
2021,neutral_d_e_h,0.9999999522495076,0.0
2022,neutral_d_e_h,0.9999998764922128,0.0
2023,neutral_d_e_h,0.9999998040912648,0.0
2009,seed_alternative,0.957321870265712,0.0238095238095238
2010,seed_alternative,0.9461355099211816,0.0238095238095238
2011,seed_alternative,0.9210697271276956,0.034970238095238
2012,seed_alternative,0.8922982734606675,0.0375744047619047
2013,seed_alternative,0.9016003398051502,0.0208333333333333
2014,seed_alternative,0.9324552504362422,0.0171130952380952
2015,seed_alternative,0.9580201348856576,0.0137648809523809
2016,seed_alternative,0.9767021779498628,0.0029761904761904
2017,seed_alternative,0.9979434320502348,0.0
2018,seed_alternative,0.999986224524667,0.0
2019,seed_alternative,0.9999970737391728,0.0
2020,seed_alternative,0.9999982970777,0.0
2021,seed_alternative,0.9999991995024402,0.0
2022,seed_alternative,0.9999993834095584,0.0
2023,seed_alternative,0.9999995287542648,0.0
2009,common_initial_q1,0.9580074138062997,0.023809523809523808
2010,common_initial_q1,0.9543996794580603,0.027157738095238096
2011,common_initial_q1,0.947873171449879,0.047619047619047616
2012,common_initial_q1,0.9470889898140156,0.047619047619047616
2013,common_initial_q1,0.9507318437403569,0.047619047619047616
2014,common_initial_q1,0.9565580820605264,0.038318452380952384
2015,common_initial_q1,0.9697308769719223,0.026041666666666668
2016,common_initial_q1,0.9366495606348564,0.023809523809523808
2017,common_initial_q1,0.9283330321943857,0.023809523809523808
2018,common_initial_q1,0.9343033565208193,0.023809523809523808
2019,common_initial_q1,0.9342217516520829,0.047619047619047616
2020,common_initial_q1,0.894256692910117,0.023809523809523808
2021,common_initial_q1,0.9170092118580888,0.047619047619047616
2022,common_initial_q1,0.9464789579978663,0.08928571428571429
2023,common_initial_q1,0.9514812621443418,0.09523809523809523
