tag,metric,term,status,coefficient,standard_error,t,p,ci_low,ci_high,n,clusters,effects,adjusted_r2,condition_number,p_holm_four
industry_fe,degree,degree,estimated,0.1529792633563967,0.1386172095364613,1.103609457064981,0.2761979932878041,-0.1269638705107438,0.4329223972235373,630,42,industry,0.2405548333489616,122.65864959236283,0.5523959865756082
industry_fe,closeness,closeness,estimated,0.146174689180776,0.0633977262341701,2.3056771569512646,0.026261814667903,0.0181403836180433,0.2742089947435087,630,42,industry,0.2445913155840525,125.59231794832368,0.078785444003709
industry_fe,betweenness,betweenness,estimated,0.0366070721664908,0.1993461927196258,0.1836356725306389,0.8552044604748481,-0.3659807313322959,0.4391948756652776,630,42,industry,0.2386709315063833,119.02731898329289,0.8552044604748481
industry_fe,clustering,clustering,estimated,-0.7916836296818999,0.2458504106731543,-3.22018428813773,0.0025083148883744,-1.2881886066361727,-0.295178652727627,630,42,industry,0.3057262458695172,127.262794133077,0.0100332595534979
main,degree,degree,estimated,0.7185180363384368,0.2520082470981976,2.851168739959764,0.0067904023707917,0.2095770564345128,1.2274590162423609,630,42,two_way,0.3046984103765576,132.17803978686413,0.027161609483167
main,closeness,closeness,estimated,0.2427127903836299,0.1021678892558591,2.3756269425886254,0.0222756944302023,0.0363805521679051,0.4490450285993547,630,42,two_way,0.2901636717085534,139.53825176741267,0.0668270832906069
main,betweenness,betweenness,estimated,-0.1079986277963297,0.2958904582888407,-0.3649953040760248,0.7169910184502124,-0.7055615310733186,0.4895642754806592,630,42,two_way,0.2749384638895908,132.19640213898688,0.7169910184502124
main,clustering,clustering,estimated,-0.7137710742878771,0.3042721393039475,-2.345831188884723,0.0239017773150811,-1.3282611257760446,-0.0992810227997095,630,42,two_way,0.3112955050786783,143.3913021650759,0.0668270832906069
binary_lpm,degree,degree,estimated,0.7711879934224064,0.2717648345509344,2.83770339417431,0.0070336131749911,0.2223477757215723,1.3200282111232404,630,42,two_way,0.2122290463607348,132.17803978686413,0.0281344526999644
binary_lpm,closeness,closeness,estimated,0.2190328868127912,0.0990360983208804,2.2116469704119104,0.0326232794161226,0.0190254287011129,0.4190403449244695,630,42,two_way,0.1976458451353047,139.53825176741267,0.097869838248368
binary_lpm,betweenness,betweenness,estimated,-0.0991573505569161,0.3345974447531331,-0.2963482002382736,0.7684601738213485,-0.7748905988408633,0.5765758977270309,630,42,two_way,0.1893952184788829,132.19640213898688,0.7684601738213485
binary_lpm,clustering,clustering,estimated,-0.6810085183864454,0.3895391592767848,-1.7482414852740351,0.0879074392105091,-1.467698810137201,0.1056817733643102,630,42,two_way,0.2114256875925183,143.3913021650759,0.1758148784210183
no_controls,degree,degree,estimated,0.7410389177648549,0.3092994008854227,2.395862764827554,0.0212289169578369,0.1163961055437721,1.3656817299859376,630,42,two_way,0.291280871884863,56.30501765597422,0.0849156678313477
no_controls,closeness,closeness,estimated,0.2301015031296764,0.104609997632312,2.199612927422555,0.0335292273962141,0.0188373269934469,0.4413656792659059,630,42,two_way,0.2704801877990975,62.383518883464525,0.1005876821886423
no_controls,betweenness,betweenness,estimated,-0.0727417115394701,0.4522401086090321,-0.1608475457057621,0.8730034200982991,-0.986059139352268,0.8405757162733276,630,42,two_way,0.2566490478544677,88.40887972887802,0.8730034200982991
no_controls,clustering,clustering,estimated,-0.7592351669711627,0.3536775414025548,-2.146687527741557,0.0377836110647952,-1.4735014521585983,-0.0449688817837271,630,42,two_way,0.3009760261816195,65.19360443175545,0.1005876821886423
amplitude_01,degree,degree,estimated,0.4486037678934279,0.1591595523288759,2.818578975181239,0.0073929981137253,0.1271745311281549,0.770033004658701,630,42,two_way,0.1959307679892913,132.17803978686413,0.0295719924549012
amplitude_01,closeness,closeness,estimated,0.1531832287571801,0.0629294995438434,2.434203829166897,0.0193666057565105,0.0260945261790165,0.2802719313353438,630,42,two_way,0.1853346901929392,139.53825176741267,0.0387332115130211
amplitude_01,betweenness,betweenness,estimated,-0.0740627395166495,0.1952587711018407,-0.3793055702374608,0.7064184363544779,-0.4683958275948515,0.3202703485615524,630,42,two_way,0.1737371075039627,132.19640213898688,0.7064184363544779
amplitude_01,clustering,clustering,estimated,-0.4876118690559266,0.1755650164705261,-2.777386286053104,0.0082258226984142,-0.8421726127943692,-0.1330511253174841,630,42,two_way,0.2062166473510348,143.3913021650759,0.0295719924549012
amplitude_03,degree,degree,estimated,1.0599185888362015,0.3609368030144448,2.936576652710539,0.0054213509324851,0.3309919274084019,1.788845250264001,630,42,two_way,0.4444261426228303,132.17803978686413,0.0216854037299404
amplitude_03,closeness,closeness,estimated,0.3465506830197322,0.1453645676123384,2.3840106892067494,0.0218364912935141,0.0529809830761191,0.6401203829633453,630,42,two_way,0.42204788754024,139.53825176741267,0.0436729825870283
amplitude_03,betweenness,betweenness,estimated,-0.1240006429663653,0.4197152391451874,-0.2954399349876148,0.7691489053637478,-0.9716327643386712,0.7236314784059406,630,42,two_way,0.4014157356043786,132.19640213898688,0.7691489053637478
amplitude_03,clustering,clustering,estimated,-0.924001229824872,0.3426638051419799,-2.6965241614649664,0.0101191360391948,-1.6160248233964407,-0.2319776362533034,630,42,two_way,0.441856533212842,143.3913021650759,0.0303574081175844
literal_denominator,degree,degree,estimated,0.7058776039198197,0.2627433232300119,2.686567236960298,0.0103782546445806,0.1752566979468893,1.23649850989275,630,42,two_way,0.3062559642952687,132.17803978686413,0.0403688567492482
literal_denominator,closeness,closeness,estimated,0.2206941180657242,0.1114696166447447,1.979858949089953,0.0544586643811975,-0.0044233397077316,0.4458115758391801,630,42,two_way,0.2900573304133831,139.53825176741267,0.1089173287623951
literal_denominator,betweenness,betweenness,estimated,0.020489478131338,0.2961779521005907,0.0691796198400994,0.9451829540436004,-0.5776540306772282,0.6186329869399043,630,42,two_way,0.2773615072060282,132.19640213898688,0.9451829540436004
literal_denominator,clustering,clustering,estimated,-0.7911340930809293,0.2932763456229612,-2.697572118884824,0.010092214187312,-1.383417688727825,-0.1988504974340339,630,42,two_way,0.3222737821527894,143.3913021650759,0.0403688567492482
neutral_d_e_h,degree,degree,estimated,0.3868089660882293,0.2046501992780799,1.8900981648331103,0.0658283052112422,-0.0264904959628453,0.8001084281393038,630,42,two_way,0.3155785106118902,132.17803978686413,0.1974849156337266
neutral_d_e_h,closeness,closeness,estimated,0.0594404878270851,0.0459064845242362,1.294816809501144,0.2026279864084532,-0.0332695384785428,0.1521505141327131,630,42,two_way,0.3007988672948253,139.53825176741267,0.4052559728169064
neutral_d_e_h,betweenness,betweenness,estimated,-0.0695746785430856,0.2364985825423823,-0.294186450485881,0.7700997245898131,-0.5471932554387382,0.4080438983525669,630,42,two_way,0.299109908845628,132.19640213898688,0.7700997245898131
neutral_d_e_h,clustering,clustering,estimated,-0.5894694367246717,0.2839599814998431,-2.075889122161382,0.0442153755168189,-1.1629382533293802,-0.0160006201199632,630,42,two_way,0.3465579961816249,143.3913021650759,0.1768615020672756
seed_alternative,degree,degree,estimated,0.7240525021549732,0.253111881375831,2.8606025849883747,0.0066247002928652,0.2128826876109849,1.2352223166989615,630,42,two_way,0.3087023648873754,132.17803978686413,0.0264988011714608
seed_alternative,closeness,closeness,estimated,0.2395501250353546,0.0999873499683727,2.395804320357799,0.0212318751756542,0.0376215752483657,0.4414786748223436,630,42,two_way,0.2935765469964662,139.53825176741267,0.0636956255269626
seed_alternative,betweenness,betweenness,estimated,-0.106196253257879,0.2974514559008582,-0.35702045208101,0.7229075809824568,-0.7069116551670982,0.4945191486513402,630,42,two_way,0.2790020134596198,132.19640213898688,0.7229075809824568
seed_alternative,clustering,clustering,estimated,-0.7153219928768333,0.307902926495767,-2.323206216380888,0.0252069873931351,-1.337144567853834,-0.0934994178998324,630,42,two_way,0.3148873774572486,143.3913021650759,0.0636956255269626
horizon_5,degree,degree,estimated,0.9963150009987956,0.3171254695424993,3.141706033375775,0.0031151680685851,0.3558671224872596,1.6367628795103315,630,42,two_way,0.51599428323611,132.17803978686413,0.0093455042057555
horizon_5,closeness,closeness,estimated,0.3757017681778115,0.1146524253627993,3.276875888050017,0.0021416007907772,0.1441564977971662,0.6072470385584567,630,42,two_way,0.5002173345196104,139.53825176741267,0.0085664031631088
horizon_5,betweenness,betweenness,estimated,-0.4225319765222811,0.4147811366220755,-1.018686577608923,0.3143255061774707,-1.2601994756968042,0.4151355226522421,630,42,two_way,0.4732356278500256,132.19640213898688,0.3143255061774707
horizon_5,clustering,clustering,estimated,-0.751924440178566,0.3016644520982131,-2.4925855033584186,0.0168139897958434,-1.361148160516657,-0.1427007198404748,630,42,two_way,0.5030826038544571,143.3913021650759,0.0336279795916869
horizon_20,degree,degree,estimated,0.5219276492856472,0.2013848954451903,2.5916921332746976,0.0131724649155718,0.1152226021060325,0.9286326964652618,630,42,two_way,0.1811673686312156,132.17803978686413,0.0526898596622872
horizon_20,closeness,closeness,estimated,0.1365942269164283,0.0694654363058351,1.966362470035395,0.056051597174576,-0.0036940677327914,0.2768825215656482,630,42,two_way,0.1675038061359437,139.53825176741267,0.1397216859653273
horizon_20,betweenness,betweenness,estimated,-0.0616473254616359,0.2307239769937923,-0.2671908063690086,0.7906617027922515,-0.527603849863773,0.404309198940501,630,42,two_way,0.1614590349085477,132.19640213898688,0.7906617027922515
horizon_20,clustering,clustering,estimated,-0.5078131524517758,0.2474505572276236,-2.052180274480655,0.0465738953217757,-1.0075496909315105,-0.0080766139720415,630,42,two_way,0.1845499017511173,143.3913021650759,0.1397216859653273
common_initial_q1,degree,degree,estimated,-0.0975965801016602,0.1287358779701717,-0.7581148444435477,0.4527180845897119,-0.3575839600281633,0.1623907998248428,630,42,two_way,0.5683172694573293,132.1780397868644,0.9054361691794238
common_initial_q1,closeness,closeness,estimated,0.377612518317074,0.249815732368389,1.5115642026909273,0.1383148128248289,-0.1269005882617053,0.8821256248958533,630,42,two_way,0.6074709964250768,139.53825176741262,0.5532592512993157
common_initial_q1,betweenness,betweenness,estimated,0.6311853758225141,0.4244889306219602,1.486930118290017,0.1446838110427546,-0.2260874110673812,1.4884581627124094,630,42,two_way,0.5707909371388329,132.19640213898688,0.5532592512993157
common_initial_q1,clustering,clustering,estimated,0.1431812818698202,0.1983217262709878,0.7219646811372377,0.4744138863779019,-0.2573375696630994,0.5437001334027398,630,42,two_way,0.5692994742972561,143.39130216507584,0.9054361691794238
recent_2017_2023,degree,degree,estimated,-4.562411546088843e-05,0.0003376227608067,-0.1351334114793218,0.8931676507123162,-0.0007274671134637,0.0006362188825419,294,42,two_way,0.0761319667210213,167.0032204266308,0.9052160513141124
recent_2017_2023,closeness,closeness,estimated,6.310748606367517e-05,6.0338510284200336e-05,1.045890688491192,0.3017386837713708,-5.874860755066572e-05,0.000184963579678,294,42,two_way,0.076741875137946,171.723546337562,0.9052160513141124
recent_2017_2023,betweenness,betweenness,estimated,-0.0007293788159805,0.0005173898519558,-1.409727719288174,0.1661609836024902,-0.0017742688196958,0.0003155111877348,294,42,two_way,0.0784106109393153,160.32460262894156,0.6646439344099608
recent_2017_2023,clustering,clustering,estimated,-0.0005882572427526,0.0006937877449948,-0.8478922364893273,0.4014208850746636,-0.0019893900185599,0.0008128755330547,294,42,two_way,0.0870867433525865,177.55799975225608,0.9052160513141124
