year,path_ratio_mean,path_ratio_sd,clustering_ratio_mean,efficiency_mean,efficiency_sd,efficiency_q025,efficiency_q975
2009,0.9972519787764357,0.03425751148293879,0.9976502210975887,0.7585172379334466,0.043765402413195965,0.6675352253422604,0.834058658938743
2010,0.9967024404500289,0.036148116875678094,0.9969826665552329,0.7583221572849378,0.04493990440416692,0.6622500768994152,0.8330795652619707
2011,1.007314379850879,0.031406176591616444,0.9983439150628816,0.7624087719298244,0.0425181529394685,0.6706088751289988,0.8358178534571724
2012,1.0041008455084013,0.026384086254396914,0.9987536190930176,0.7642441410230282,0.0398781726785884,0.6747095985327082,0.8341145302628895
2013,1.0027776777246702,0.02667427145444413,1.000255530078549,0.7625322924059617,0.04099688285363285,0.6755485146507147,0.836117307107371
2014,1.0056385802688665,0.022788967368865723,1.0011548303944282,0.7646206620662066,0.03918249262109253,0.6849784978497849,0.8338333833383338
2015,1.0013671424819994,0.027931015588101512,0.9999583427431841,0.7586738846369235,0.0394291054516718,0.6774733992906479,0.8282644203845436
2016,1.011568143493469,0.026010062424611177,1.0004706507404444,0.7664757087153546,0.03834975446610326,0.6848429760775634,0.8297449678575194
2017,1.0043302679431598,0.043797767583855764,0.9984415601520606,0.7603415139018393,0.043586918799455227,0.6646064643473968,0.8300473274566537
2018,1.0047487743144636,0.04024108987255607,0.9980880881366017,0.7586819282315984,0.042833724746732825,0.6679030277783871,0.8271968384819454
2019,1.0014456458640892,0.0461478904650384,0.9982590299035998,0.7622423927405566,0.04137247024708668,0.6740121735582155,0.827971980413493
2020,1.0022071921427962,0.03836924834310553,1.000475269215723,0.7621116774488663,0.03980439357195521,0.6821810538238691,0.8249733167788452
2021,1.0028501320165695,0.05390555217773871,0.9998816286176755,0.7579571525682967,0.04010481167847422,0.6769394995114074,0.8223870926626163
2022,1.0035564008887994,0.050557246485222924,0.9996857433972132,0.7566631010821031,0.040148930366112244,0.6717154456388906,0.8226402783819052
2023,0.9977888549802175,0.0501113416672926,0.9997984855276364,0.7549995838015567,0.041146782229533115,0.666953843592625,0.8265929995421817
