year,threshold_factor,nodes,edges,density,average_total_degree,path_reachable,clustering,reachable_share,efficiency,top3
2009,0.5,42,787,0.4570267131242741,37.476190476190474,1.439635535307517,0.6347280901293955,0.764808362369338,0.6061749903213318,S12;S14;S34
2020,0.5,42,709,0.41173054587688734,33.76190476190476,1.5297491039426523,0.5961732390732228,0.8101045296167247,0.6057878435927215,S29;S34;S24
2023,0.5,42,665,0.3861788617886179,31.666666666666668,1.6282234957020056,0.5619049445741913,0.81068524970964,0.5853174603174603,S34;S10;S29
2009,1.0,42,500,0.29036004645760743,23.80952380952381,1.7645631067961165,0.5541474569197072,0.7177700348432056,0.4842721641502129,S32;S10;S24
2020,1.0,42,425,0.24680603948896632,20.238095238095237,1.894736842105263,0.4824331558275106,0.6951219512195121,0.4443379790940766,S34;S12;S10
2023,1.0,42,413,0.23983739837398374,19.666666666666668,2.00532319391635,0.48178486138712706,0.7636469221835076,0.46509872241579553,S34;S29;S24
2009,1.5,42,336,0.1951219512195122,16.0,1.8319327731092436,0.48586608828136446,0.483739837398374,0.3212059620596206,S12;S34;S29
2020,1.5,42,313,0.18176538908246226,14.904761904761905,2.2288288288288287,0.4547801409527719,0.6445993031358885,0.367272274763564,S34;S12;S29
2023,1.5,42,294,0.17073170731707318,14.0,2.1953195319531953,0.40968072431702446,0.6451800232288037,0.364924506387921,S34;S29;S12
2009,2.0,42,237,0.13763066202090593,11.285714285714286,2.026027397260274,0.42901944602423386,0.42392566782810687,0.2588366240805265,S12;S29;S24
2020,2.0,42,223,0.1295005807200929,10.619047619047619,2.3005649717514123,0.3663461296640455,0.5139372822299652,0.2811943476577623,S29;S12;S24
2023,2.0,42,212,0.12311265969802555,10.095238095238095,2.415752741774676,0.3820270310687372,0.5824622531939605,0.30255516840882696,S34;S12;S29
